user_index,book_index,rating
0,213,3
0,231,2
0,181,5
0,0,5
0,61,5
1,122,5
1,1,4
1,61,5
1,445,5
1,20,5
2,98,4
2,1,4
2,8,3
2,9,3
2,10,4
3,157,3
3,372,4
3,282,4
3,239,4
3,287,4
3,269,4
3,194,3
3,74,4
3,279,4
3,202,4
3,51,3
3,137,5
3,307,3
3,207,3
3,116,4
3,13,4
3,314,3
3,68,3
3,43,4
3,114,4
3,15,4
3,2,5
3,27,3
3,12,4
3,3,4
3,7,3
3,11,4
3,16,4
3,4,4
3,5,4
4,219,5
4,43,4
4,51,5
4,298,5
4,125,5
4,12,5
4,313,3
4,388,3
4,324,4
4,370,5
4,47,5
4,205,5
5,130,5
5,122,5
5,61,5
5,0,2
5,2,3
6,12,1
6,3,4
6,5,5
6,4,5
6,0,5
7,1,1
8,94,5
8,150,4
8,79,5
8,194,3
8,74,4
8,56,4
8,86,4
8,159,3
8,192,2
8,244,3
8,138,4
8,63,4
8,24,3
8,34,5
8,88,3
8,47,4
8,68,3
8,43,4
8,188,5
8,370,5
8,143,5
8,21,5
8,15,4
8,363,5
8,220,5
8,13,3
8,91,5
8,329,3
8,55,3
8,2,4
8,25,5
8,411,4
8,265,4
8,12,5
8,3,5
8,422,4
8,72,5
8,147,4
8,82,4
8,69,4
8,481,4
8,285,5
8,40,3
8,17,5
8,60,4
8,490,4
8,144,5
8,31,4
8,158,5
8,5,3
8,4,5
8,331,2
8,245,2
8,222,2
8,228,4
8,163,4
8,57,4
8,168,5
8,18,5
8,0,5
8,22,3
8,459,4
8,352,4
8,237,4
8,67,2
8,35,3
8,124,5
8,175,5
8,7,5
9,58,4
9,277,3
9,106,2
9,117,3
9,359,3
9,13,3
9,20,3
9,0,3
9,9,3
9,8,3
9,10,3
9,1,3
9,101,4
9,11,3
9,26,3
9,19,3
9,28,4
9,2,4
10,398,3
10,226,4
10,113,3
10,88,5
10,75,4
10,163,5
10,212,5
10,68,5
10,43,5
10,15,5
10,22,3
10,30,3
10,10,5
10,8,5
10,9,5
10,1,5
10,5,5
10,4,5
10,0,5
10,12,3
10,72,5
10,42,5
10,45,3
10,25,5
10,18,5
10,17,5
10,7,5
10,40,5
11,213,5
11,19,5
11,4,5
11,0,5
12,457,4
12,308,5
12,84,5
12,316,5
12,426,3
12,2,5
13,21,2
13,206,1
13,133,1
13,92,2
13,35,2
13,420,2
13,372,2
13,282,2
13,239,3
13,287,4
13,16,4
13,166,4
13,33,4
13,410,2
13,36,2
13,23,3
13,29,3
13,6,4
13,72,3
13,10,3
13,9,2
13,8,2
13,5,3
13,4,4
13,0,5
13,1,3
13,32,3
14,5,4
14,4,4
14,0,4
15,178,5
16,103,3
16,140,4
16,39,4
16,51,4
16,19,5
16,26,5
16,6,4
16,11,5
16,0,4
17,267,3
18,177,4
19,378,4
19,489,3
19,19,4
19,109,5
19,64,3
19,130,2
19,4,3
19,5,3
19,0,3
19,114,3
19,2,3
19,13,5
20,381,4
20,499,4
20,211,4
20,446,4
20,23,4
20,165,4
20,197,3
20,29,4
20,275,4
20,65,3
20,57,4
20,276,3
20,177,4
20,5,3
20,432,4
20,4,3
20,93,4
20,77,3
20,50,3
20,49,4
20,14,4
20,6,4
20,0,3
20,62,4
20,113,4
20,114,4
20,191,2
20,365,4
20,251,5
20,234,4
20,2,4
20,72,4
20,12,3
20,15,3
20,406,2
20,395,5
20,380,5
20,156,5
20,335,4
21,98,5
21,106,5
21,1,1
21,11,5
22,60,5
22,236,5
23,5,3
23,1,5
23,0,4
24,153,3
24,402,3
24,333,3
24,84,5
24,369,4
24,396,4
24,232,5
24,260,4
24,195,4
24,336,3
24,8,5
24,426,5
24,9,5
24,10,5
24,132,5
24,102,4
24,76,5
24,105,5
24,415,1
24,90,5
24,362,4
24,1,5
24,236,5
24,148,5
24,267,4
25,27,3
25,12,5
25,404,4
25,3,5
25,34,4
25,8,3
25,9,4
25,10,4
25,296,4
25,2,5
25,178,4
25,114,4
25,62,3
25,44,4
25,47,4
25,365,5
25,327,4
25,33,4
25,453,3
25,347,3
25,261,3
25,5,4
25,266,4
25,427,4
25,20,4
25,446,4
25,259,3
25,354,4
25,248,4
25,163,4
25,57,4
25,275,4
25,48,3
25,295,2
25,152,3
25,4,5
25,30,4
25,107,3
25,1,4
25,113,4
25,141,4
25,77,3
25,64,2
25,22,4
25,6,4
25,164,4
25,50,4
25,249,2
25,41,2
25,36,4
25,0,5
25,37,3
25,99,4
25,13,4
25,367,3
25,28,3
26,11,4
26,10,3
26,9,4
26,8,4
26,1,3
27,61,3
27,122,4
27,36,3
27,23,4
27,29,4
27,50,3
27,5,3
27,4,4
27,0,4
28,212,5
28,0,3
29,103,3
29,15,4
29,207,2
29,12,3
29,3,5
29,37,5
29,145,4
29,248,3
29,88,4
29,212,5
29,22,4
29,0,5
30,192,1
31,415,3
31,443,3
31,138,4
31,111,4
31,63,4
31,159,4
31,88,4
31,27,4
31,94,4
31,79,4
31,34,5
31,433,4
31,316,5
31,232,4
31,2,3
31,68,4
31,43,4
31,413,3
31,212,4
31,12,4
31,5,4
31,4,4
31,15,4
31,72,4
31,0,5
32,32,5
33,2,4
33,104,5
33,214,5
33,77,3
33,14,5
33,307,5
33,6,5
33,218,3
33,161,5
33,50,5
33,4,5
33,5,5
33,0,5
33,12,3
33,3,4
34,16,4
34,5,4
34,4,4
34,0,5
35,310,5
35,320,5
35,292,5
35,48,5
35,452,5
35,155,4
35,134,5
35,129,5
35,121,5
35,8,5
35,85,5
35,9,5
35,87,5
35,10,5
35,38,5
35,1,5
36,244,3
36,368,5
36,157,5
36,337,3
36,153,4
36,227,5
36,201,4
36,47,5
36,151,5
36,438,4
36,428,3
36,146,5
36,273,5
36,288,3
36,22,2
36,94,5
36,200,3
36,493,4
36,135,3
36,387,3
36,424,4
36,291,4
36,138,4
36,125,5
36,139,3
36,220,5
36,182,3
36,45,4
36,36,4
36,116,4
36,44,4
36,311,4
36,270,4
36,241,3
36,54,5
36,376,5
36,24,4
36,364,3
36,298,5
36,79,5
36,51,4
36,12,3
36,433,3
36,363,5
36,388,3
36,392,4
36,15,4
36,93,3
36,161,5
36,50,5
36,212,4
36,276,4
36,49,5
36,246,5
36,470,1
36,328,5
36,104,4
36,77,4
36,192,5
36,144,5
36,29,5
36,35,2
36,40,4
36,1,3
36,5,5
36,4,5
36,289,5
36,149,5
36,100,5
36,102,4
36,218,3
36,335,5
36,108,4
36,19,4
36,41,3
36,473,5
36,304,5
36,494,4
36,107,3
36,490,1
36,167,4
36,31,2
36,189,4
36,91,3
36,71,5
36,25,5
36,37,4
36,28,5
36,21,5
36,6,5
36,96,5
36,42,5
36,2,5
36,3,5
36,0,5
36,216,3
36,75,4
36,262,5
36,26,5
36,34,4
36,39,4
36,191,5
36,13,4
37,130,4
37,2,5
37,30,4
37,62,4
37,11,5
37,1,3
38,110,3
38,123,5
38,10,3
38,8,4
38,9,3
38,75,4
38,279,4
38,202,5
38,6,1
38,20,4
38,147,4
38,82,4
38,116,4
38,31,4
38,69,4
38,4,2
38,0,4
38,12,3
38,5,2
38,2,5
38,72,4
39,165,3
40,118,3
40,52,5
40,60,5
41,46,4
41,5,1
41,4,2
41,196,3
41,44,4
41,165,4
41,133,2
41,92,2
41,35,2
41,65,3
41,6,4
41,36,5
41,0,2
41,23,5
42,4,4
42,5,3
42,0,4
42,482,4
42,32,5
43,5,5
43,8,4
43,4,5
43,9,4
43,10,3
43,3,5
43,14,5
43,0,5
44,5,4
44,4,5
44,0,4
44,16,5
45,127,3
45,14,4
45,152,3
45,11,5
45,37,4
45,1,3
46,37,5
46,13,5
46,4,4
46,5,5
46,101,4
46,20,3
46,11,3
46,1,4
46,0,4
46,14,5
46,268,5
46,122,4
46,414,4
46,167,4
46,126,5
47,295,4
47,329,5
47,309,4
47,14,4
47,37,3
47,99,4
47,11,3
47,1,3
47,250,5
47,20,4
48,70,4
49,47,4
49,194,4
49,2,5
49,183,3
49,11,5
49,81,3
49,24,5
49,28,5
49,145,4
49,248,5
49,22,5
49,470,5
49,91,5
49,192,5
49,72,5
49,12,5
49,205,3
49,5,5
49,4,5
49,0,5
49,88,5
49,71,5
49,212,5
50,1,5
51,333,4
51,84,5
51,148,5
51,170,3
51,153,3
51,179,4
51,254,4
51,58,4
51,341,3
51,130,5
51,11,4
51,41,4
51,2,5
51,4,4
51,5,2
51,0,4
51,421,3
51,8,3
51,10,4
51,9,4
51,1,4
51,71,2
52,82,4
52,69,3
52,12,5
52,72,5
52,123,5
52,10,5
52,9,5
52,8,5
52,4,5
52,5,4
52,31,4
52,0,5
52,1,5
53,40,1
53,17,3
53,18,3
53,7,3
53,5,4
53,0,4
53,10,2
53,9,4
53,8,3
53,1,3
54,54,3
54,179,3
54,139,4
54,135,5
54,104,4
54,265,2
54,211,5
54,42,4
54,242,4
54,25,5
54,62,3
54,31,3
54,97,4
54,46,4
54,44,5
54,23,4
54,29,4
54,36,3
54,6,4
54,11,4
54,206,3
54,16,2
54,7,3
54,18,2
54,75,4
54,440,3
54,487,3
54,456,3
54,375,3
54,332,3
54,284,3
54,100,3
54,133,4
54,92,2
54,35,3
54,210,4
54,9,2
54,8,2
54,10,1
54,1,3
54,5,2
54,4,5
54,0,4
54,72,5
54,212,4
54,88,5
54,2,5
55,330,4
55,434,4
56,19,4
56,2,5
56,11,5
56,213,2
56,4,2
57,415,5
57,494,4
57,71,4
57,60,5
57,28,3
57,6,5
57,25,2
57,22,4
57,73,5
57,36,5
57,17,4
57,0,5
57,355,4
57,269,3
57,16,5
57,182,4
57,374,5
57,145,3
57,451,4
57,81,4
57,140,2
57,199,2
57,268,4
57,442,5
57,389,5
57,151,5
57,53,4
57,125,4
57,495,5
57,19,4
57,139,5
57,274,4
57,229,1
57,434,4
57,330,4
57,331,3
57,245,3
57,462,3
57,436,4
57,58,5
57,411,3
57,358,3
57,233,3
57,166,4
57,449,4
57,110,3
57,40,4
57,18,4
57,248,3
57,222,3
57,97,5
57,12,2
57,7,4
57,196,4
57,65,5
57,172,5
57,207,5
57,319,3
57,228,3
57,473,4
57,487,1
57,440,1
57,456,1
57,375,1
57,332,1
57,284,1
57,100,1
57,46,5
57,89,4
57,455,5
57,339,5
57,66,5
57,223,5
57,44,4
57,396,2
57,232,4
57,328,3
57,465,4
57,260,5
57,37,3
57,163,3
57,225,4
57,304,4
57,47,3
57,280,3
57,254,1
57,195,3
57,132,3
57,105,3
57,210,5
57,64,2
57,120,1
57,153,3
57,33,4
57,424,3
57,102,4
57,264,4
57,50,5
57,242,4
57,42,3
57,75,4
57,4,5
57,126,5
57,5,5
57,72,5
57,54,2
57,179,4
57,123,2
57,59,5
57,187,5
57,119,5
57,83,5
57,118,4
57,23,5
57,29,5
57,52,5
57,56,5
57,99,3
57,156,4
57,11,5
57,421,4
57,303,3
57,45,3
57,184,3
57,2,1
57,149,2
57,57,4
57,14,5
57,78,4
57,70,4
57,76,5
57,243,3
57,90,5
57,67,3
58,16,4
59,403,4
59,431,5
60,312,5
60,199,3
60,127,3
60,38,5
60,7,5
60,0,5
60,57,5
60,1,5
60,61,5
60,90,5
60,445,5
60,20,5
61,341,3
61,59,5
61,300,4
61,299,5
61,247,4
62,411,5
62,89,5
62,242,5
62,228,5
62,163,5
62,180,5
62,45,5
62,42,5
62,40,5
62,8,5
62,17,5
62,10,5
62,9,5
62,18,5
62,6,4
62,1,5
62,7,5
62,25,5
63,58,5
63,120,4
63,130,5
63,81,5
63,88,1
63,24,4
63,212,5
63,16,4
63,311,5
63,5,2
63,4,2
63,0,5
63,6,2
63,479,3
63,149,3
63,183,5
63,405,5
63,13,4
63,37,5
64,0,5
64,2,5
65,95,5
65,54,4
65,2,5
65,60,5
65,243,5
65,42,5
65,69,5
65,82,5
65,40,3
65,18,5
65,17,5
65,25,5
65,7,5
65,105,3
65,76,3
65,90,3
65,31,5
65,1,4
65,78,5
65,0,3
65,386,4
65,66,5
65,402,3
65,4,4
65,226,4
65,84,4
65,464,2
65,336,3
65,170,3
65,369,3
65,333,4
65,5,3
65,429,4
65,348,4
65,318,5
65,240,5
65,389,4
65,274,3
65,120,4
65,142,5
66,32,5
67,23,3
67,298,1
67,244,1
67,271,2
67,151,4
67,138,2
67,111,3
67,63,3
67,125,3
67,363,2
67,220,2
67,144,3
67,31,2
67,34,3
67,45,3
67,40,3
67,89,3
67,47,3
67,150,4
67,94,4
67,79,3
67,203,1
67,173,2
67,21,3
67,1,2
67,455,4
67,339,4
67,223,3
67,184,3
67,118,3
67,17,4
67,18,3
67,43,2
67,15,2
67,73,3
67,66,3
67,52,3
67,56,2
67,7,4
67,27,3
67,12,3
67,2,3
67,4,3
67,3,3
67,5,3
67,86,2
68,4,4
68,5,4
68,0,5
69,59,4
69,9,3
69,8,3
69,10,3
69,164,5
69,57,3
69,31,3
69,6,3
69,25,4
69,1,3
70,39,5
70,20,4
70,1,2
70,24,4
70,2,5
71,135,5
71,104,4
71,116,5
71,403,5
71,171,5
71,7,5
71,162,3
71,454,3
71,159,3
71,341,4
71,12,4
71,88,5
71,10,4
71,212,4
71,234,2
71,309,4
71,145,3
71,248,4
71,22,3
71,5,4
71,68,5
71,43,5
71,4,5
71,156,2
71,64,4
71,320,3
71,20,2
71,80,3
71,33,3
71,1,4
71,15,5
71,72,5
71,0,5
72,2,5
73,42,2
73,25,3
73,0,5
73,75,5
74,16,3
74,4,5
74,5,5
74,0,5
74,32,5
75,199,4
75,307,4
75,207,4
76,391,4
77,61,2
78,169,3
78,307,3
78,207,3
78,2,4
78,5,3
78,0,4
78,106,3
78,101,4
78,199,3
78,32,4
79,436,4
79,113,2
79,278,4
79,132,4
79,102,4
79,76,4
79,204,2
79,90,4
79,62,4
79,98,5
79,31,1
79,241,1
79,254,2
79,81,4
79,14,5
79,71,3
79,365,3
79,13,4
79,50,4
79,178,2
79,491,4
79,22,2
79,16,2
79,7,3
79,161,3
79,17,3
79,18,3
79,179,2
79,2,4
79,1,3
79,0,5
79,296,3
79,474,3
79,343,4
79,460,3
79,227,3
79,373,4
79,54,3
79,146,4
79,364,3
79,151,4
79,116,3
79,140,5
79,125,3
79,384,3
79,47,3
79,277,4
79,5,4
79,489,3
79,115,3
79,149,3
79,378,4
79,209,3
79,271,3
79,283,4
79,385,5
79,451,3
79,109,4
79,386,2
79,433,4
79,150,4
79,94,4
79,114,3
79,51,5
79,70,2
79,340,4
79,431,4
79,39,4
79,37,3
79,53,4
79,33,2
79,58,2
79,211,5
79,79,3
79,130,3
79,229,5
79,12,3
79,3,4
79,416,4
79,108,2
79,34,3
79,24,4
79,421,3
79,218,4
79,342,3
79,212,3
79,32,4
80,43,3
80,89,4
80,40,3
80,57,2
80,27,2
80,17,3
80,18,2
80,10,3
80,9,3
80,8,2
80,31,1
80,24,2
80,12,2
80,15,4
80,1,3
80,164,3
80,3,3
80,5,4
80,2,2
80,482,1
80,6,3
80,190,3
80,449,2
80,7,5
80,242,4
80,42,4
80,25,5
80,4,4
80,0,4
80,45,4
81,8,4
81,1,4
82,88,4
82,159,4
82,5,5
82,4,5
82,212,5
82,0,5
83,122,5
83,0,4
83,1,2
84,483,5
84,453,5
84,347,5
84,66,5
84,290,4
84,73,5
84,2,5
84,1,4
84,0,5
84,244,5
84,138,5
84,111,5
84,324,5
84,63,5
84,21,5
84,457,4
84,202,4
84,116,4
84,151,5
84,460,4
84,125,5
84,47,5
84,298,5
84,179,5
84,50,4
84,128,3
84,153,3
84,253,3
84,115,5
84,27,3
84,12,3
84,205,5
84,3,4
84,81,4
84,402,5
84,84,5
84,464,5
84,24,3
84,170,5
84,318,5
84,240,5
84,113,3
84,390,3
84,175,5
84,56,4
84,10,5
84,9,5
84,8,5
84,4,5
84,5,5
84,48,5
84,105,5
84,238,5
84,136,5
84,76,5
84,124,5
84,67,5
84,114,5
84,82,5
84,92,5
84,301,5
84,11,5
84,35,5
84,31,5
84,38,5
84,60,5
84,13,5
84,168,5
84,408,5
84,37,5
84,422,5
84,237,5
84,327,5
85,478,4
86,4,2
86,1,5
86,5,4
86,8,4
86,10,4
86,0,4
87,177,5
87,93,4
88,14,5
88,59,5
88,449,5
88,5,5
88,4,5
89,3,3
89,186,3
89,61,4
89,5,3
89,4,4
90,199,5
90,394,5
90,467,5
90,322,5
90,59,5
91,276,3
91,2,5
92,373,2
92,64,5
92,83,5
92,387,5
92,40,4
92,143,1
92,454,4
92,392,4
92,382,4
92,202,4
92,75,4
92,57,3
92,15,5
92,91,1
92,6,4
92,38,1
92,30,5
92,86,4
92,18,4
92,158,5
92,221,5
92,24,5
92,2,5
92,3,4
92,7,3
92,488,5
92,5,5
92,4,5
93,5,5
93,4,5
93,0,5
94,135,4
94,104,4
94,25,4
94,89,4
94,45,4
94,40,3
94,17,4
94,18,4
94,7,4
94,452,2
94,297,3
94,33,3
94,299,4
94,247,4
94,108,3
94,155,3
94,20,4
94,134,3
94,129,3
94,121,3
94,87,3
94,85,3
94,38,3
94,82,4
94,69,4
94,31,4
94,180,2
94,0,5
94,4,5
94,5,5
94,199,4
94,147,4
95,5,3
95,4,3
95,0,3
95,126,3
96,308,4
96,464,4
96,409,4
96,174,4
96,418,4
96,399,4
96,345,4
96,379,4
96,48,5
96,203,4
96,173,4
96,497,3
96,362,5
96,267,4
96,84,5
96,95,4
96,142,4
96,429,4
96,236,5
96,348,4
96,453,3
96,347,3
96,261,3
96,4,3
96,5,4
96,0,5
96,110,5
96,10,5
96,8,5
96,9,5
96,1,5
96,73,4
96,66,4
96,52,4
96,56,4
96,265,2
97,277,4
97,103,4
97,343,2
97,32,5
97,26,2
97,51,3
97,16,2
97,76,5
97,33,3
97,129,4
97,67,5
97,24,4
97,379,3
97,38,4
97,331,5
97,134,4
97,245,5
97,35,3
97,297,4
97,462,5
97,82,3
97,133,4
97,69,3
97,92,3
97,31,4
97,450,3
97,320,2
97,399,3
97,85,4
97,1,3
97,102,4
98,205,3
98,141,3
98,0,5
98,80,3
98,1,5
99,58,5
99,0,5
100,445,4
100,276,3
100,449,4
101,114,3
101,2,4
101,4,3
101,0,3
102,63,4
102,21,4
102,19,5
102,2,5
102,50,4
102,3,5
102,203,2
102,73,3
102,0,4
103,278,3
103,11,5
104,112,4
104,0,3
105,4,2
105,5,3
105,0,3
106,59,3
106,0,4
106,93,3
106,57,4
106,329,3
107,28,4
107,98,5
107,62,3
107,179,4
107,2,5
107,130,5
107,7,4
108,3,2
108,2,3
108,0,3
108,258,4
108,390,2
109,41,3
109,2,5
109,11,5
109,13,5
110,205,4
110,69,4
110,2,5
110,31,3
110,58,2
110,210,5
110,114,3
110,120,5
110,11,4
110,72,4
110,108,4
110,6,3
110,30,3
110,4,4
110,0,5
110,212,4
110,71,5
111,71,4
111,378,5
111,140,5
111,102,3
111,366,4
111,270,5
111,150,5
111,68,5
111,19,4
111,90,5
111,493,5
111,43,5
111,26,5
111,489,5
111,41,2
111,94,5
111,79,4
111,178,4
111,28,5
111,24,4
111,259,3
111,115,3
111,437,4
111,34,5
111,116,5
111,200,4
111,368,5
111,387,5
111,415,4
112,2,4
112,9,2
112,10,4
112,8,1
112,1,1
113,45,4
113,42,5
113,242,5
113,338,5
113,334,5
113,7,5
113,60,5
113,414,5
113,180,5
113,110,5
113,123,5
113,168,5
113,10,5
113,8,5
113,9,5
113,122,5
113,36,5
113,0,5
113,6,5
113,1,5
113,61,5
114,5,4
114,4,4
114,0,4
115,61,4
116,219,5
116,446,5
116,354,5
116,275,5
116,113,5
116,23,5
116,29,5
116,6,5
116,209,5
116,53,5
116,4,5
116,0,5
116,5,5
116,12,5
116,27,5
116,3,5
116,68,5
116,15,5
116,43,5
116,411,5
116,57,5
116,163,5
116,228,5
117,4,3
117,5,3
117,8,4
117,10,4
117,35,5
117,206,4
117,0,4
117,1,4
118,153,5
118,472,3
118,277,5
118,270,4
118,387,4
118,191,4
118,244,3
118,368,5
118,263,4
118,253,4
118,157,5
118,103,5
118,438,4
118,378,3
118,384,4
118,117,5
118,466,4
118,324,3
118,489,5
118,260,3
118,474,3
118,254,4
118,443,3
118,381,5
118,257,4
118,203,4
118,173,4
118,374,4
118,322,4
118,60,4
118,358,4
118,233,3
118,81,5
118,24,4
118,195,4
118,458,4
118,165,4
118,450,4
118,418,4
118,379,3
118,399,4
118,345,4
118,460,4
118,278,3
118,166,4
118,401,5
118,293,4
118,266,3
118,288,4
118,193,3
118,470,5
118,192,5
118,174,5
118,142,5
118,95,5
118,488,4
118,342,4
118,363,4
118,220,4
118,144,3
118,485,5
118,459,5
118,104,3
118,143,4
118,453,3
118,347,3
118,261,4
118,182,4
118,496,4
118,216,4
118,454,4
118,425,4
118,325,4
118,305,4
118,230,4
118,107,4
118,428,4
118,71,4
118,446,3
118,354,3
118,275,4
118,113,3
118,403,4
118,171,4
118,222,4
118,323,4
118,392,3
118,279,5
118,202,4
118,116,4
118,265,4
118,12,4
118,3,4
118,41,4
118,114,3
118,111,4
118,63,4
118,52,4
118,328,4
118,76,5
118,232,4
118,56,4
118,69,4
118,215,4
118,67,3
118,290,3
118,8,3
118,90,4
118,102,5
118,136,3
118,23,4
118,36,5
118,331,3
118,94,5
118,79,5
118,481,4
118,33,3
118,147,4
118,82,4
118,422,4
118,89,5
118,242,5
118,45,5
118,40,4
118,17,5
118,421,3
118,487,4
118,29,4
118,452,2
118,285,4
118,158,3
118,18,5
118,297,4
118,155,3
118,134,3
118,129,3
118,121,4
118,440,3
118,237,3
118,42,5
118,25,5
118,7,5
118,87,4
118,312,4
118,168,3
118,175,3
118,284,3
118,456,3
118,375,3
118,332,3
118,108,4
118,184,4
118,5,4
118,4,5
118,123,3
118,413,5
118,329,4
118,396,1
118,473,4
118,100,3
118,289,3
118,341,1
118,300,3
118,9,3
118,247,3
118,172,3
118,28,4
118,37,3
118,2,5
118,22,2
118,118,3
118,124,3
118,301,4
118,245,3
118,327,4
118,31,4
118,208,5
118,38,4
118,13,5
118,11,5
118,198,5
118,212,3
118,73,4
118,0,5
118,75,4
118,34,4
118,70,3
118,106,3
118,14,3
118,249,4
118,132,4
118,141,1
118,304,4
118,415,4
118,105,5
118,299,4
118,252,4
118,85,3
118,445,1
118,20,4
119,489,3
119,7,4
119,18,5
119,96,5
119,42,5
119,169,4
119,12,4
119,110,4
119,10,2
119,8,3
119,9,3
119,1,4
119,5,4
119,0,5
119,34,3
119,72,5
120,478,4
120,14,4
120,249,4
121,14,4
121,11,3
122,1,1
122,9,1
122,8,1
122,10,1
123,0,5
123,265,4
123,12,4
123,3,4
124,12,4
124,3,4
124,2,2
124,363,3
124,220,3
124,282,5
124,239,5
124,349,5
124,414,5
125,62,4
125,91,4
125,264,4
125,109,5
125,277,5
125,140,4
125,195,5
125,413,5
125,71,2
125,241,5
125,149,5
125,29,4
125,276,5
125,204,5
125,76,5
125,28,5
125,6,5
125,36,5
125,23,4
125,1,4
125,0,5
126,44,4
126,29,4
126,36,4
126,23,4
126,6,4
126,5,5
126,0,5
126,423,4
126,77,4
126,49,5
126,59,5
126,61,3
127,160,4
127,42,5
127,2,5
127,25,4
127,28,5
127,89,5
127,6,4
127,40,5
127,17,5
127,18,3
127,68,4
127,43,3
127,15,5
127,35,5
127,232,3
127,306,5
127,221,3
127,265,4
127,12,4
127,3,5
127,328,5
127,102,4
127,260,5
127,396,2
127,76,4
127,90,5
127,426,2
127,452,3
127,358,5
127,5,5
127,4,5
127,0,5
127,267,5
127,492,4
127,167,5
127,297,5
127,155,5
127,134,5
127,129,5
127,121,5
127,85,5
127,87,5
127,38,4
127,123,5
127,10,5
127,9,5
127,8,4
127,1,5
128,12,5
128,5,5
128,41,4
128,131,5
128,48,4
128,26,5
128,3,5
128,13,4
128,2,5
128,11,4
128,10,5
128,28,5
128,35,5
128,0,5
128,1,3
128,38,5
129,136,5
129,379,5
129,450,5
129,418,5
129,345,5
129,184,5
129,118,5
129,73,5
129,66,5
129,56,5
129,52,5
129,60,5
130,5,4
130,4,3
130,0,4
131,9,2
131,10,1
131,8,3
131,1,5
132,178,4
132,480,5
132,366,4
133,65,5
133,5,3
133,4,4
133,0,4
134,333,5
134,464,5
134,236,3
134,84,5
134,120,5
134,426,5
134,180,3
134,148,5
134,78,5
134,369,5
134,267,5
134,362,5
135,108,3
135,261,3
136,22,2
136,7,3
136,6,5
136,10,3
136,8,4
136,1,5
136,5,3
136,4,4
136,0,5
137,106,5
138,15,4
138,13,3
138,12,4
138,27,3
138,3,5
138,2,5
138,444,3
138,417,3
138,133,5
138,92,5
138,4,5
138,5,5
138,10,5
138,8,5
138,9,5
138,35,5
138,0,5
138,80,4
138,1,5
138,20,4
139,26,4
139,16,4
139,81,4
139,24,5
139,2,5
139,3,4
139,213,4
139,231,4
139,299,3
139,93,3
140,352,3
140,137,5
140,109,1
140,19,3
140,451,3
140,81,4
140,24,3
140,39,5
140,145,4
140,154,2
140,14,5
140,27,3
140,2,2
140,3,5
140,178,5
140,22,4
140,64,5
140,12,4
140,60,1
140,156,2
140,5,5
140,4,5
140,0,5
140,7,2
140,10,4
140,8,4
140,9,4
140,1,4
140,20,5
141,99,4
141,19,5
141,0,3
141,16,4
142,302,5
142,217,5
142,294,3
142,177,5
142,93,5
143,5,4
143,4,4
143,414,1
143,498,4
143,3,3
143,1,1
144,13,3
144,414,3
144,93,3
144,110,2
144,10,3
144,28,3
144,1,3
144,8,3
145,188,5
145,143,5
145,370,5
145,298,3
145,335,5
145,125,5
145,47,3
145,244,5
145,81,4
145,24,4
145,138,5
145,58,4
145,466,4
145,218,2
145,79,5
145,150,5
145,94,5
145,91,5
145,107,4
145,154,4
145,159,4
145,88,5
145,265,1
145,324,4
145,388,5
145,63,5
145,55,3
145,145,4
145,12,5
145,21,5
145,123,4
145,10,4
145,8,3
145,9,4
145,5,5
145,4,5
145,167,5
145,80,5
145,72,5
145,34,5
145,50,2
145,14,4
145,20,5
145,465,5
145,22,5
145,1,4
145,0,5
145,176,5
146,30,4
146,266,4
146,401,3
146,15,4
146,432,4
146,1,5
146,9,5
146,8,5
146,197,5
147,16,2
147,1,1
147,8,1
147,0,5
147,5,5
148,2,4
148,27,4
148,12,4
148,205,2
148,11,3
148,14,3
148,0,4
148,5,4
148,4,4
149,123,3
149,2,3
149,196,3
149,201,2
149,139,3
149,46,3
149,65,3
149,44,2
149,29,4
149,185,5
149,79,4
149,411,3
149,163,3
149,228,3
149,57,3
149,104,2
149,27,2
149,335,3
149,94,4
149,351,1
149,262,5
149,137,4
149,34,4
149,465,3
149,12,3
149,214,2
149,349,1
149,247,2
149,300,2
149,215,2
149,252,2
149,5,4
149,4,4
149,187,2
149,136,2
149,50,3
149,32,3
149,21,4
149,432,2
149,176,3
149,9,3
149,10,3
149,8,3
149,1,3
149,197,5
149,178,5
149,64,2
149,20,4
149,15,4
149,22,4
149,72,3
149,169,2
149,30,4
149,6,3
149,23,3
150,217,4
150,177,3
150,93,3
150,5,3
150,4,3
150,482,4
151,0,4
152,139,3
152,28,2
152,335,4
152,251,5
152,22,3
152,208,3
152,58,4
152,212,3
152,218,3
152,46,4
152,161,3
152,13,1
152,2,4
152,50,4
152,183,3
152,176,4
152,0,5
152,4,4
152,5,4
152,12,4
152,37,4
152,44,4
152,207,4
152,65,4
152,197,4
152,178,4
152,72,4
152,61,3
153,141,5
153,51,5
153,13,4
153,26,4
153,41,4
153,2,5
154,492,4
154,48,3
154,4,5
154,5,5
154,0,5
154,1,5
154,37,4
154,215,4
154,290,4
154,252,4
154,136,4
154,440,4
154,487,5
154,456,5
154,375,4
154,332,5
154,284,4
154,100,5
154,187,3
154,119,5
154,83,5
154,30,5
154,220,5
154,144,5
155,333,5
156,117,5
156,1,3
156,349,4
157,19,4
157,457,4
157,2,5
157,10,2
157,9,4
157,1,3
158,16,4
158,24,5
159,280,5
159,71,4
159,82,4
159,7,2
159,69,4
159,390,4
159,161,5
159,35,3
159,33,5
159,184,4
159,118,5
159,50,4
159,190,5
159,248,4
159,30,4
159,212,4
159,73,5
159,66,5
159,52,5
159,297,4
159,134,4
159,155,4
159,129,4
159,121,3
159,87,4
159,85,4
159,10,4
159,8,4
159,9,3
159,488,4
159,34,4
159,15,4
159,56,5
159,422,4
159,1,4
159,168,3
159,31,3
159,323,5
159,60,5
159,5,3
159,4,5
159,237,4
159,124,4
159,38,3
159,22,4
159,229,3
159,72,2
159,0,5
160,51,3
160,343,4
160,315,3
160,338,3
160,14,4
160,64,2
160,141,5
160,278,4
160,19,1
160,2,4
160,5,4
160,8,3
160,11,5
160,9,3
160,4,4
160,32,4
160,289,3
160,1,3
160,0,3
160,16,4
160,20,4
161,169,3
161,51,3
161,5,3
161,49,4
161,0,5
161,1,1
161,34,3
162,9,2
162,8,1
162,1,2
162,312,3
162,198,3
163,13,5
163,0,3
163,20,3
163,2,4
163,8,1
163,1,1
163,102,2
163,10,1
164,53,5
164,25,5
164,368,5
164,157,4
164,62,3
164,16,5
164,5,3
164,4,5
164,0,4
165,306,4
165,346,5
165,221,4
165,54,3
165,337,5
165,298,5
165,51,3
165,368,5
165,277,3
165,244,4
165,385,4
165,460,4
165,364,4
165,218,5
165,161,5
165,194,4
165,50,4
165,138,5
165,111,5
165,63,5
165,21,5
165,74,4
165,164,4
165,373,5
165,151,4
165,125,4
165,442,4
165,389,4
165,274,4
165,174,5
165,142,5
165,405,2
165,293,4
165,47,4
165,283,5
165,380,3
165,211,4
165,128,5
165,229,4
165,178,4
165,156,4
165,11,5
165,99,4
165,95,5
165,196,4
165,97,4
165,46,4
165,65,4
165,44,4
165,29,4
165,36,4
165,23,4
165,6,4
165,223,4
165,184,4
165,118,4
165,73,4
165,66,4
165,52,4
165,56,4
165,86,4
165,41,3
165,26,5
165,13,4
165,2,4
165,162,2
165,68,2
165,43,2
165,15,3
165,89,5
165,96,5
165,42,5
165,45,5
165,40,5
165,25,5
165,18,5
165,17,5
165,7,5
165,450,4
165,418,4
165,399,4
165,379,4
165,345,4
165,458,4
165,401,4
165,19,4
165,39,4
165,130,4
165,16,4
165,12,4
165,72,5
166,7,3
167,103,3
167,117,5
167,51,1
167,26,3
167,19,4
167,27,4
167,12,3
167,3,4
167,0,3
168,84,5
168,5,3
168,4,4
168,0,4
168,110,4
168,9,4
168,8,4
168,1,5
169,115,3
169,53,4
169,454,5
169,151,5
169,467,3
169,322,4
169,125,5
169,300,4
169,299,5
169,247,5
169,20,5
169,342,5
169,96,5
169,42,5
169,89,5
169,310,4
169,5,3
169,4,5
169,2,1
169,150,5
169,94,5
169,79,5
169,326,4
169,152,4
169,19,3
169,124,5
169,180,3
169,295,2
169,87,5
169,38,5
169,6,3
169,0,4
169,168,4
169,34,5
169,175,5
169,25,4
170,0,2
170,32,4
171,48,4
171,349,4
171,164,5
171,129,4
171,121,4
171,180,4
171,67,4
171,35,3
171,38,4
171,60,4
171,156,4
171,66,5
171,85,5
171,418,5
171,52,4
171,1,4
171,73,4
171,0,5
172,97,4
172,96,4
172,3,3
172,18,4
172,46,4
172,25,4
172,42,4
172,89,4
172,45,4
172,40,4
172,15,4
172,2,4
172,110,2
172,420,3
172,282,4
172,349,3
172,9,3
172,8,3
172,10,3
172,87,4
172,145,3
172,248,3
172,44,4
172,31,4
172,249,3
172,1,3
172,239,4
172,6,4
172,38,4
172,22,4
172,0,4
173,11,5
173,5,5
173,4,5
173,2,5
173,37,5
173,0,5
174,147,5
174,347,4
174,400,5
174,82,5
174,131,5
174,5,5
174,4,5
174,281,5
174,434,5
174,435,5
174,93,5
174,48,5
174,64,5
174,301,5
174,35,5
174,69,5
174,92,5
174,31,5
174,15,4
174,37,5
174,340,5
174,0,5
174,1,4
175,48,5
175,399,5
175,1,5
176,219,4
176,51,4
176,351,4
176,106,4
176,37,3
176,16,4
177,86,2
177,131,5
177,237,5
177,454,5
177,212,5
177,360,2
177,179,4
177,12,5
177,382,5
177,72,5
177,230,4
177,288,5
177,424,5
177,64,5
177,67,3
177,76,3
177,14,4
177,8,3
177,105,4
177,9,2
177,10,1
177,90,4
177,60,3
177,325,4
177,5,5
177,4,5
177,7,2
177,50,4
177,49,4
177,38,3
177,35,4
177,15,5
177,37,1
177,1,3
177,22,4
177,161,4
177,0,5
178,117,4
178,263,4
178,94,5
178,79,5
178,51,4
178,34,4
178,193,3
178,53,4
178,135,3
178,104,3
178,391,3
178,71,4
178,81,4
178,28,5
178,5,5
178,4,5
178,27,4
178,97,5
178,2,5
178,11,5
178,69,4
178,398,5
178,31,4
178,425,5
178,248,4
178,22,5
178,0,5
178,21,5
178,145,4
178,184,5
178,242,5
178,196,5
178,110,5
178,52,5
178,290,5
178,66,5
178,9,5
178,10,5
178,1,5
178,8,5
178,276,5
178,49,5
178,50,5
178,161,5
178,165,5
178,432,5
178,176,5
178,215,5
178,56,5
178,118,5
178,206,3
178,45,5
178,42,5
178,73,5
178,40,5
178,25,5
178,18,5
178,17,5
178,7,5
178,496,5
178,44,5
178,65,5
178,272,5
178,29,5
178,23,5
178,36,5
178,6,5
179,59,5
180,384,3
180,51,3
180,28,3
180,58,5
180,5,2
180,0,4
180,2,5
181,42,5
181,40,5
181,25,5
181,110,5
181,4,5
181,18,5
181,7,5
181,187,4
181,119,4
181,83,4
181,30,4
181,0,5
181,10,5
181,8,5
181,9,5
181,1,5
182,96,4
182,42,4
182,461,3
182,25,4
182,45,3
182,17,3
182,18,3
182,7,3
182,393,4
182,471,4
182,463,4
182,246,4
182,26,4
182,307,4
182,207,3
182,468,5
182,476,5
182,430,5
182,27,2
182,394,5
182,467,5
182,322,5
182,255,5
182,317,5
182,250,5
182,186,5
182,172,5
182,51,3
182,443,3
182,86,4
182,278,4
182,90,4
182,55,4
182,304,4
182,3,5
182,299,3
182,247,3
182,20,4
182,59,4
182,118,4
182,73,4
182,66,4
182,56,4
182,52,4
182,60,5
182,5,3
182,4,4
182,227,5
182,146,5
182,54,5
182,62,5
182,41,5
182,2,5
182,13,5
183,57,2
183,279,4
183,200,4
183,125,5
183,472,5
183,151,4
183,336,3
183,474,4
183,103,4
183,368,5
183,115,3
183,273,5
183,117,2
183,157,5
183,277,4
183,116,4
183,194,5
183,74,4
183,384,5
183,489,4
183,451,3
183,484,3
183,371,5
183,253,4
183,89,5
183,3,5
183,319,4
183,227,5
183,202,4
183,242,4
183,26,5
183,55,4
183,222,3
183,304,4
183,66,5
183,154,2
183,22,4
183,147,3
183,77,4
183,473,4
183,76,5
183,10,1
183,9,3
183,8,3
183,12,5
183,415,3
183,92,2
183,35,4
183,90,3
183,40,3
183,113,3
183,5,5
183,18,3
183,4,5
183,33,2
183,62,4
183,41,4
183,11,5
183,152,4
183,82,4
183,301,3
183,67,2
183,31,3
183,17,4
183,72,5
183,0,5
183,50,3
183,1,2
183,6,3
183,73,5
183,69,4
183,7,4
183,13,4
183,28,4
183,2,5
184,19,5
184,145,2
184,154,3
184,22,3
184,140,5
184,82,3
184,69,2
184,116,4
184,31,3
184,137,3
184,200,4
184,111,3
184,63,2
184,21,3
184,2,4
184,27,2
184,12,3
184,3,3
184,400,2
184,407,5
184,383,5
184,186,4
184,7,3
184,10,3
184,8,4
184,9,3
184,91,3
184,14,2
184,37,5
184,30,3
184,49,4
184,0,5
184,38,5
184,122,4
184,6,4
184,1,4
184,32,5
185,74,5
185,89,5
185,7,5
185,25,5
185,11,5
185,359,3
185,265,5
185,205,5
185,28,5
185,46,5
185,100,3
185,12,5
185,108,3
185,2,5
185,367,5
185,357,5
185,326,5
185,280,5
185,152,5
185,248,4
185,196,5
185,44,5
185,65,5
185,29,5
185,425,5
185,496,5
185,325,5
185,305,5
185,216,5
185,230,5
185,4,5
185,5,5
185,107,5
185,249,3
185,289,1
185,132,5
185,70,2
185,49,4
185,64,1
185,38,2
185,14,1
185,446,5
185,354,5
185,275,5
185,113,5
185,405,5
185,57,2
185,22,5
185,127,1
185,1,1
185,72,5
185,36,5
185,0,5
185,6,5
185,23,5
186,21,3
186,459,3
186,312,3
186,198,4
186,28,4
186,3,5
186,12,5
186,1,3
187,478,4
187,49,3
187,0,3
188,436,5
188,219,4
188,381,4
188,64,4
188,366,4
188,6,4
188,378,5
188,183,3
188,140,5
188,117,4
188,277,5
188,98,5
188,81,3
188,37,4
188,24,3
188,51,4
188,109,5
188,179,3
188,15,4
188,193,4
188,437,4
188,58,5
188,469,4
188,11,5
188,28,4
188,5,3
188,4,4
188,0,4
188,12,3
188,3,4
188,39,4
188,19,5
188,311,4
188,340,4
188,130,4
188,62,5
188,41,5
188,114,4
188,13,5
188,2,5
189,355,4
189,304,3
189,329,3
189,74,4
189,194,4
189,31,1
189,7,3
189,150,4
189,391,4
189,255,4
189,220,3
189,61,3
189,45,3
189,360,3
189,94,4
189,79,3
189,34,3
189,182,4
189,75,5
189,10,1
189,9,1
189,8,1
189,490,3
189,476,5
189,468,4
189,467,4
189,407,5
189,430,5
189,356,4
189,394,4
189,383,4
189,317,4
189,322,5
189,186,5
189,352,3
189,168,3
189,175,3
189,124,3
189,161,2
189,164,5
189,50,3
189,144,3
189,16,3
189,1,1
189,250,5
189,0,4
190,11,4
190,101,4
190,199,5
190,413,4
190,106,4
191,21,4
191,3,4
191,5,3
191,4,5
191,0,5
191,149,1
191,123,5
191,10,5
191,9,5
191,8,5
191,32,2
191,1,5
192,341,1
192,1,4
192,0,2
193,62,3
193,171,4
193,12,5
193,161,3
193,178,4
193,1,1
193,226,4
193,57,4
193,41,5
193,114,5
193,71,4
193,13,5
193,37,5
193,367,5
193,183,5
193,28,5
193,30,5
193,22,3
193,16,4
193,179,2
193,3,5
193,2,5
193,0,5
193,212,5
193,293,3
193,50,5
194,2,4
194,431,4
194,249,4
194,102,4
194,254,4
194,405,4
194,112,3
194,64,3
194,4,4
194,181,4
194,1,1
194,8,2
195,64,4
195,101,5
195,37,4
195,2,4
195,13,3
196,385,5
196,109,5
196,443,5
196,211,4
196,405,4
196,278,4
196,39,5
196,19,5
196,436,3
196,98,5
196,3,5
196,62,4
196,45,2
196,40,3
196,459,4
196,41,5
196,114,4
196,17,3
196,31,4
196,18,4
196,2,5
196,50,4
196,7,4
196,190,4
196,42,5
196,25,5
196,229,5
196,11,5
196,34,4
196,437,4
197,4,2
197,314,2
198,472,5
198,273,5
199,22,3
199,395,5
199,446,5
199,169,3
199,380,5
199,156,5
199,31,3
199,67,2
199,36,5
199,2,5
199,0,3
199,347,3
199,1,1
199,107,3
199,471,5
199,258,5
199,155,4
199,73,4
199,175,4
199,25,4
200,452,3
200,89,5
200,242,5
200,8,2
200,9,3
200,45,5
200,42,5
200,462,5
200,40,5
200,331,5
200,155,3
200,134,3
200,245,5
200,252,5
200,312,5
200,121,3
200,222,5
200,87,3
200,5,5
200,4,5
200,289,4
200,136,5
200,124,5
200,215,5
200,38,5
200,290,5
200,129,3
200,67,5
200,198,5
200,17,5
200,0,5
200,168,5
200,85,3
200,18,5
200,1,4
200,7,5
200,175,5
200,25,5
201,193,4
201,202,4
201,51,5
201,355,5
201,182,5
201,116,5
201,378,5
201,141,5
201,114,5
201,64,4
201,13,5
201,15,5
201,43,5
201,30,5
201,2,5
201,1,3
202,133,4
202,68,4
202,43,4
202,15,5
202,83,5
202,324,4
202,21,5
202,3,5
202,113,5
202,209,5
202,34,5
202,242,5
202,45,5
202,418,5
202,222,5
202,450,5
202,75,5
202,391,5
202,399,5
202,225,5
202,30,4
202,38,4
202,118,4
202,92,4
202,67,5
202,42,5
202,17,5
202,40,5
202,345,5
202,60,4
202,84,5
202,379,5
202,110,4
202,10,5
202,8,5
202,9,5
202,1,5
202,25,5
202,18,5
202,7,5
203,73,3
203,66,3
203,55,3
203,2,3
203,27,4
203,3,3
203,0,4
204,438,5
204,376,5
204,485,5
204,189,5
204,82,4
204,333,4
204,429,4
204,348,4
204,170,4
204,286,5
204,148,4
204,345,5
204,31,5
204,450,5
204,399,5
204,418,5
204,379,5
204,321,5
204,222,4
204,67,4
204,347,4
204,261,4
204,329,5
204,17,5
204,18,5
204,7,5
204,408,5
204,238,5
204,10,5
204,9,5
204,8,5
204,1,5
204,110,3
204,178,5
204,146,4
204,54,4
205,361,5
205,244,5
205,253,4
205,115,4
205,160,5
205,249,4
205,81,4
205,24,5
205,39,5
205,138,3
205,111,5
205,169,5
205,54,5
205,19,5
205,1,4
205,33,5
205,28,5
205,34,4
205,2,5
205,0,5
205,6,4
205,14,3
205,3,5
206,290,3
206,252,3
206,215,3
206,136,3
206,18,3
206,418,3
206,345,3
206,379,3
206,399,3
206,165,4
206,59,4
206,261,3
206,181,4
206,180,1
206,110,1
206,9,2
206,8,2
206,10,2
206,1,2
207,5,3
207,4,2
207,0,3
208,183,5
208,0,4
208,1,1
209,122,3
209,0,4
209,6,5
210,279,3
210,202,3
210,116,3
210,96,4
210,42,4
210,89,5
210,40,5
210,45,5
210,17,5
210,18,5
210,7,5
210,157,5
210,272,4
210,258,4
210,5,2
210,4,2
210,0,2
211,20,5
212,28,3
212,51,3
212,117,5
212,81,4
212,12,4
213,404,5
213,15,4
214,106,5
214,413,5
214,101,5
214,289,4
215,431,3
215,26,3
215,62,4
215,13,4
216,202,4
216,376,4
216,485,4
216,489,5
216,24,4
216,89,4
216,455,4
216,339,4
216,194,5
216,170,4
216,164,4
216,209,5
216,151,5
216,125,5
216,189,4
216,150,5
216,94,5
216,79,5
216,211,5
216,385,5
216,370,4
216,143,4
216,188,5
216,91,5
216,200,4
216,364,5
216,115,3
216,34,5
216,283,4
216,47,5
216,116,4
216,53,5
216,27,3
216,341,2
216,206,3
216,92,3
216,38,3
216,19,3
216,73,4
216,56,4
216,128,5
216,190,5
216,227,5
216,159,5
216,88,5
216,55,5
216,146,5
216,62,3
216,11,5
216,223,5
216,45,5
216,40,4
216,17,4
216,328,5
216,204,3
216,241,3
216,90,5
216,396,3
216,232,4
216,260,4
216,195,4
216,18,4
216,5,4
216,149,4
216,184,5
216,118,5
216,133,4
216,252,4
216,4,5
216,212,5
216,249,2
216,132,4
216,289,5
216,141,5
216,102,5
216,105,4
216,136,3
216,76,5
216,114,5
216,66,5
216,290,5
216,85,2
216,52,5
216,1,3
216,16,4
216,7,4
216,54,5
216,215,4
216,35,4
216,60,5
216,22,3
216,0,5
217,172,5
217,115,3
217,140,3
217,491,5
217,51,5
217,361,3
217,19,4
217,55,4
217,311,3
217,196,1
217,108,4
217,367,5
217,359,3
217,130,5
217,210,4
217,46,5
217,424,4
217,81,4
217,179,4
217,98,2
217,296,5
217,12,5
217,5,3
217,4,4
217,44,3
217,65,1
217,29,3
217,36,3
217,28,4
217,32,4
217,49,1
217,282,3
217,23,3
217,114,5
217,64,4
217,11,4
217,20,1
217,13,4
217,212,4
217,16,5
217,2,5
217,72,3
217,0,5
217,6,4
218,471,3
218,463,3
218,441,3
218,393,3
218,246,3
218,5,2
218,0,3
218,165,3
219,219,3
219,381,3
219,18,4
219,34,4
219,7,4
219,151,4
219,125,4
219,191,3
219,47,4
219,135,4
219,104,3
219,263,4
219,368,5
219,279,3
219,472,5
219,202,3
219,116,3
219,337,5
219,157,4
219,112,3
219,72,5
219,16,5
219,1,4
219,0,5
220,13,5
220,2,5
220,28,4
220,0,5
220,321,4
221,135,4
221,104,4
221,263,4
221,368,3
221,478,3
221,61,4
222,55,3
222,11,5
222,447,4
222,311,4
222,62,3
222,2,4
222,41,4
222,114,5
222,14,4
222,0,5
223,307,4
223,207,5
223,259,1
223,303,5
223,5,4
223,35,5
223,31,5
223,17,5
223,0,5
223,50,3
223,1,2
223,92,3
223,69,4
223,237,2
223,25,4
223,7,5
224,279,4
224,202,4
224,111,3
224,63,4
224,21,4
224,387,3
224,371,5
224,191,5
224,116,4
224,283,4
224,47,4
224,306,4
224,125,4
224,189,5
224,355,3
224,182,4
224,75,4
224,128,4
224,221,4
224,334,5
224,19,4
224,79,5
224,94,5
224,12,4
224,281,4
224,48,4
224,261,4
224,238,4
224,183,1
224,30,4
224,352,4
224,198,4
224,83,4
224,168,4
224,129,4
224,408,4
224,67,4
224,245,4
224,124,4
224,31,4
224,35,4
224,38,4
224,60,5
224,72,5
224,17,5
224,0,5
224,50,5
224,347,4
224,34,5
224,453,3
224,155,3
224,92,4
224,73,5
224,56,5
224,69,4
224,18,5
224,85,4
224,52,5
224,1,5
224,7,5
224,16,3
225,346,4
225,384,4
225,378,3
225,98,3
225,140,4
225,405,2
225,109,5
225,200,3
225,451,3
225,209,3
225,26,1
225,71,4
225,28,1
225,51,2
225,39,4
225,19,5
225,480,4
225,433,4
225,159,3
225,53,4
225,12,2
225,37,4
225,88,3
225,41,2
225,46,3
225,2,3
225,13,5
225,207,5
225,307,3
225,4,5
225,5,5
225,0,5
225,81,4
225,184,3
225,436,4
225,55,3
225,465,4
225,72,3
226,8,1
226,1,4
227,8,4
227,9,4
227,1,4
228,318,5
228,148,5
228,240,5
229,238,4
229,248,5
229,22,5
229,252,5
229,215,5
229,136,4
229,434,5
229,48,4
229,118,5
229,31,3
229,352,5
229,175,5
229,124,5
229,123,4
229,110,4
229,168,5
229,9,3
229,8,4
229,10,5
229,297,4
229,155,5
229,134,4
229,129,5
229,121,5
229,87,5
229,56,4
229,60,4
229,38,5
229,52,4
229,85,5
229,1,4
229,133,4
229,92,5
229,35,5
230,397,5
230,30,2
230,169,5
230,98,3
230,28,4
230,36,5
230,23,4
230,29,4
230,5,4
230,4,3
230,114,3
230,37,3
230,70,4
230,6,5
230,16,5
230,2,4
230,0,5
231,346,4
231,148,4
231,499,5
231,39,5
231,369,5
231,481,5
231,19,5
231,316,4
231,454,4
231,425,4
231,79,5
231,285,5
231,34,5
231,158,5
231,494,5
231,153,5
231,184,5
231,470,4
231,336,5
231,21,5
231,91,5
231,179,4
231,328,4
231,241,5
231,459,5
231,491,4
231,72,5
231,118,5
231,469,4
231,146,5
231,232,4
231,192,5
231,190,5
231,367,4
231,4,5
231,76,5
231,90,5
231,259,4
231,415,5
231,69,4
231,54,5
231,73,5
231,220,5
231,204,5
231,357,5
231,208,4
231,254,5
231,325,4
231,237,4
231,212,5
231,301,4
231,22,5
231,52,5
231,114,5
231,475,4
231,396,4
231,305,4
231,107,5
231,230,4
231,311,4
231,144,5
231,71,5
231,408,5
231,238,5
231,5,5
231,81,4
231,24,4
231,326,5
231,28,4
231,66,5
231,56,4
231,31,4
231,60,4
231,0,5
231,10,4
231,9,4
231,1,4
231,11,5
232,346,5
232,472,4
232,139,4
232,97,5
232,46,5
232,368,5
232,152,4
232,385,4
232,283,4
232,211,4
232,271,5
232,474,4
232,343,5
232,279,4
232,202,3
232,485,5
232,376,5
232,269,3
232,355,3
232,298,4
232,189,4
232,16,4
232,116,3
232,270,4
232,194,4
232,75,4
232,150,5
232,94,5
232,79,4
232,151,5
232,125,4
232,337,5
232,241,3
232,204,3
232,81,4
232,74,5
232,159,4
232,138,4
232,111,4
232,244,4
232,63,4
232,128,4
232,384,5
232,209,3
232,451,4
232,53,4
232,199,5
232,461,3
232,103,4
232,130,5
232,273,5
232,109,4
232,33,2
232,88,4
232,378,5
232,37,5
232,277,5
232,21,4
232,438,5
232,51,3
232,149,2
232,99,3
232,253,5
232,455,5
232,339,5
232,115,5
232,223,5
232,489,4
232,184,5
232,117,3
232,183,5
232,118,5
232,179,2
232,73,5
232,263,3
232,172,5
232,361,4
232,480,5
232,24,3
232,96,5
232,227,5
232,160,4
232,146,4
232,66,5
232,68,1
232,39,5
232,52,4
232,436,5
232,43,1
232,56,4
232,443,5
232,86,4
232,2,5
232,448,5
232,433,4
232,15,2
232,119,2
232,83,3
232,30,4
232,19,5
232,27,2
232,135,5
232,412,4
232,296,4
232,278,2
232,254,3
232,107,4
232,410,5
232,89,5
232,242,5
232,42,5
232,249,3
232,55,3
232,265,2
232,62,2
232,104,4
232,216,2
232,25,5
232,114,3
232,41,4
232,101,3
232,145,3
232,45,5
232,40,5
232,17,5
232,18,5
232,205,4
232,7,5
232,57,4
232,228,4
232,13,4
232,396,3
232,102,4
232,105,4
232,90,2
232,232,3
232,260,3
232,195,4
232,132,3
232,248,3
232,22,4
232,328,3
232,178,4
232,12,5
232,180,3
232,11,5
232,6,4
232,32,4
232,64,3
232,77,3
232,67,3
232,72,5
232,76,4
232,70,4
232,106,3
232,20,3
232,8,3
232,1,4
232,10,4
232,9,2
232,5,4
232,4,5
232,0,5
233,449,4
233,11,4
233,6,3
233,49,3
233,258,4
234,11,4
234,41,2
234,2,3
234,13,4
234,26,3
235,200,3
235,5,3
235,4,3
235,0,4
235,160,3
235,12,3
235,3,4
235,11,4
235,2,5
236,268,4
236,30,4
236,36,4
236,165,3
236,258,5
236,61,5
236,0,4
237,403,4
237,244,5
237,259,3
237,298,5
237,152,4
237,125,5
237,39,4
237,419,4
237,404,4
237,171,3
237,14,3
237,434,3
237,179,3
237,349,4
237,266,5
237,186,5
237,146,4
237,479,4
237,70,4
237,350,5
237,93,5
237,294,5
237,302,5
237,177,5
237,217,5
237,59,5
237,197,5
237,10,3
237,8,3
237,110,3
237,9,3
237,94,4
237,79,4
237,339,5
237,223,5
237,455,5
237,184,5
237,66,5
237,52,5
237,56,5
237,73,5
237,118,5
237,143,4
237,91,4
237,57,5
237,92,3
237,133,3
237,35,3
237,206,3
237,203,5
237,173,5
237,327,5
237,483,3
237,466,4
237,246,4
237,288,4
237,481,4
237,158,4
237,285,4
237,432,3
237,113,4
237,108,5
237,82,4
237,69,4
237,147,4
237,243,4
237,78,4
237,77,4
237,210,4
237,237,4
237,422,4
237,242,5
237,89,5
237,427,5
237,63,5
237,138,5
237,21,5
237,216,4
237,496,4
237,325,4
237,230,4
237,107,4
237,425,4
237,305,4
237,225,4
237,488,4
237,168,4
237,175,4
237,124,4
237,342,4
237,301,4
237,1,3
237,72,3
237,98,3
237,11,4
237,33,3
237,313,3
237,54,4
237,2,3
237,169,4
237,37,3
237,447,5
237,368,5
237,167,3
237,199,2
237,29,4
237,185,4
237,23,4
237,50,5
237,257,5
237,60,4
237,31,5
237,34,4
237,49,5
237,6,5
237,401,4
237,42,5
237,40,4
237,25,5
237,17,5
237,18,5
237,7,5
237,0,5
237,5,1
237,45,4
237,12,3
237,22,3
238,32,5
238,432,4
238,80,3
238,22,3
238,176,5
238,6,5
238,27,4
238,30,4
238,50,4
238,5,4
238,59,4
238,4,4
238,0,5
238,10,4
238,9,5
238,8,5
238,1,5
239,378,4
239,39,5
239,355,5
239,182,4
239,168,2
239,374,4
239,211,5
239,3,2
239,33,3
239,229,4
239,161,5
239,293,4
239,383,4
239,47,2
239,407,4
239,285,3
239,218,4
239,65,3
239,158,4
239,50,5
239,124,3
239,352,3
239,453,3
239,347,4
239,261,3
239,5,5
239,4,4
239,0,4
240,14,4
240,11,5
240,0,4
240,6,3
240,1,1
241,126,5
242,19,5
242,2,5
243,4,5
243,5,4
243,0,5
244,59,2
245,54,3
246,272,4
246,201,3
246,104,2
246,263,3
246,130,3
246,97,3
246,17,4
246,18,4
246,7,4
246,41,4
246,3,4
246,2,3
246,196,5
246,44,5
246,46,5
246,5,3
246,431,3
246,14,3
246,282,2
246,239,2
246,349,2
246,93,4
246,20,2
246,65,3
246,36,5
246,0,5
246,6,5
246,23,5
247,319,2
247,12,3
247,99,4
247,5,3
247,4,4
247,2,4
247,3,4
247,0,4
247,495,4
247,70,3
247,101,2
247,14,3
247,11,4
247,114,3
247,32,4
248,3,4
248,57,3
248,161,4
248,5,4
248,4,4
248,0,4
248,50,4
248,1,3
249,23,4
249,36,3
249,0,5
249,1,5
250,494,3
250,236,3
250,362,4
250,240,3
250,318,3
250,54,3
250,8,2
250,9,5
250,10,5
250,1,4
251,1,3
252,13,3
252,3,5
252,93,3
252,2,5
252,462,4
252,42,4
252,25,3
252,353,3
252,45,4
252,40,4
252,17,5
252,18,5
252,7,5
252,48,5
252,377,5
252,8,4
252,10,4
252,9,4
252,495,4
252,107,4
252,106,5
252,78,5
252,70,3
252,6,4
252,85,3
252,67,4
252,38,3
252,1,3
253,0,3
254,5,4
254,4,4
254,0,4
254,29,4
254,57,2
255,117,4
255,494,4
255,39,5
255,19,5
255,24,5
255,318,3
255,240,3
255,28,4
255,146,5
255,232,5
255,4,5
255,5,5
255,0,5
255,54,5
255,102,5
255,62,4
255,71,4
255,415,5
255,90,5
255,76,4
255,10,5
255,9,4
255,8,3
255,1,4
255,105,5
255,20,5
255,247,5
255,299,4
255,300,4
255,106,5
255,413,5
255,101,5
256,11,3
257,424,4
257,420,3
257,152,3
257,219,4
257,99,3
257,493,4
257,51,4
257,39,5
257,74,4
257,244,3
257,111,4
257,63,4
257,324,3
257,21,4
257,484,4
257,372,4
257,81,3
257,474,3
257,150,3
257,271,3
257,24,4
257,94,5
257,79,4
257,282,4
257,385,4
257,145,3
257,283,5
257,154,3
257,22,3
257,40,4
257,460,3
257,211,4
257,17,4
257,18,4
257,239,4
257,287,4
257,205,4
257,7,4
257,68,2
257,218,4
257,161,3
257,50,4
257,43,3
257,2,4
257,33,4
257,12,4
257,229,4
257,34,4
257,72,5
257,190,4
257,477,4
257,360,2
257,395,4
257,156,5
257,413,3
257,261,4
257,15,3
257,278,4
257,340,3
257,14,4
257,13,4
257,114,4
257,10,3
257,9,4
257,8,3
257,1,5
257,62,4
257,4,5
257,5,3
257,0,5
258,150,4
258,94,4
258,43,3
258,79,5
258,34,4
258,68,2
258,12,4
258,2,4
258,15,4
258,3,4
258,5,4
258,4,5
258,0,5
258,234,3
258,14,4
258,431,3
259,488,4
259,47,4
259,12,3
259,224,5
259,174,3
259,95,4
259,203,4
259,173,4
259,72,3
259,435,4
259,350,3
259,294,3
259,302,5
259,217,4
259,177,4
259,434,5
259,320,4
259,310,5
259,330,5
259,93,5
259,0,4
259,1,5
260,174,5
260,142,5
260,95,5
260,5,5
260,4,5
260,274,5
260,406,5
260,119,5
260,83,5
260,112,5
260,30,5
260,0,5
261,357,4
261,280,4
261,326,3
261,152,4
261,37,4
261,41,3
261,2,4
261,77,3
261,423,3
261,447,4
261,268,5
261,156,3
261,112,3
261,329,3
261,14,4
261,11,5
261,13,5
261,4,2
261,30,3
261,0,3
261,1,2
261,7,2
262,5,5
262,4,5
262,0,5
263,37,5
263,318,4
263,84,5
263,333,4
263,35,4
263,9,4
263,105,4
263,102,4
263,22,4
263,10,4
263,240,4
263,369,4
263,90,4
263,327,4
263,92,5
263,1,5
263,4,5
263,5,5
263,0,5
263,31,5
263,342,5
263,232,4
263,133,4
263,82,4
263,153,4
263,116,4
263,21,4
263,205,4
263,12,5
263,3,5
263,120,5
263,183,5
264,4,1
264,0,3
265,126,3
266,373,3
266,273,4
266,472,4
266,291,4
266,150,5
266,385,3
266,225,4
266,200,3
266,74,4
266,283,3
266,263,4
266,364,5
266,374,4
266,484,5
266,211,3
266,162,3
266,73,3
266,56,3
266,66,3
266,52,4
266,60,4
266,135,5
266,202,4
266,279,4
266,242,4
266,335,5
266,42,4
266,309,2
266,498,4
266,116,4
266,319,3
266,21,4
266,12,3
266,104,4
266,234,3
266,403,3
266,366,5
266,2,5
266,293,5
266,40,2
266,392,4
266,81,4
266,72,4
266,262,3
266,68,4
266,465,4
266,43,3
266,171,3
266,22,3
266,112,5
266,169,3
266,354,1
266,47,2
266,25,5
266,254,4
266,5,3
266,401,4
266,275,2
266,36,3
266,29,3
266,23,3
266,208,5
266,195,3
266,67,1
266,15,4
266,398,4
266,108,3
266,13,3
266,37,5
266,114,4
266,24,4
266,479,4
266,414,3
266,17,4
266,18,4
266,7,4
266,4,5
266,416,2
266,49,3
266,183,4
266,266,3
266,404,4
266,77,3
266,259,3
266,295,3
266,59,4
266,0,5
266,28,2
266,50,5
266,394,5
266,467,5
266,322,5
266,317,5
266,255,4
266,250,4
266,491,3
266,141,3
266,431,4
266,10,5
266,61,2
266,14,5
266,356,5
266,156,3
266,6,3
266,101,3
266,432,5
266,176,3
266,32,4
266,106,4
266,351,3
266,268,5
266,186,4
266,8,3
266,9,3
266,430,4
266,383,5
266,468,5
266,476,4
266,407,5
267,2,5
267,14,4
267,5,4
267,8,3
267,11,5
267,32,4
267,66,5
267,4,5
267,70,4
267,38,1
267,60,5
267,0,5
267,85,1
267,52,5
267,1,4
268,199,4
268,103,4
268,232,4
268,489,4
268,438,4
268,183,4
268,451,4
268,361,4
268,81,4
268,24,4
268,491,4
268,254,4
268,51,5
268,28,4
268,15,3
268,39,4
268,19,5
268,437,4
269,219,4
269,312,3
269,198,5
270,498,3
270,199,4
270,255,3
270,317,3
270,3,2
270,186,4
270,73,4
270,66,3
270,52,3
270,56,3
270,60,3
270,6,3
270,33,1
270,351,4
270,61,3
271,126,5
272,356,5
272,45,3
272,40,3
272,104,4
272,459,3
272,10,4
272,11,3
272,9,4
272,8,4
272,5,3
272,351,4
272,476,5
272,468,4
272,467,3
272,430,5
272,407,5
272,383,5
272,322,4
272,317,4
272,255,5
272,186,5
272,126,5
272,181,4
272,141,3
272,49,3
272,72,3
272,17,3
272,0,5
272,394,3
272,18,4
272,1,4
272,7,3
272,250,5
272,61,3
272,445,3
272,20,4
273,68,2
273,43,3
273,15,3
273,27,4
273,12,5
273,60,3
273,42,3
273,25,3
273,40,4
273,17,4
273,18,4
273,10,2
273,9,4
273,8,3
273,1,4
273,5,3
273,4,4
273,0,3
273,59,4
274,40,3
274,1,1
274,25,4
274,17,3
274,18,4
274,50,3
274,4,5
274,5,4
274,0,5
275,86,5
275,12,5
275,3,5
275,20,5
275,14,5
275,6,5
275,32,5
275,7,5
275,18,4
275,1,5
276,5,5
276,4,5
276,16,3
276,0,5
276,2,5
277,165,3
277,59,4
277,49,5
278,149,2
278,115,4
278,210,5
278,19,5
278,421,2
278,130,5
278,28,1
278,9,2
278,10,2
278,62,4
278,8,1
278,1,3
278,2,4
278,16,2
278,11,5
279,179,4
279,192,4
279,119,4
279,83,4
279,30,4
279,139,4
279,13,4
279,97,4
279,46,4
279,339,4
279,223,4
279,184,4
279,118,4
279,73,5
279,66,4
279,52,4
279,56,4
279,86,4
279,429,2
279,348,3
279,3,5
279,17,4
279,6,3
279,18,4
279,1,3
279,23,3
279,92,3
279,69,3
279,7,4
280,87,4
280,85,4
280,9,4
280,8,2
280,5,4
280,0,5
280,38,4
280,16,5
280,1,2
281,385,4
281,283,4
281,211,4
281,128,4
281,337,5
281,202,5
281,116,5
281,269,4
281,111,4
281,324,4
281,63,4
281,209,3
281,21,4
281,16,5
281,157,5
281,53,4
281,145,4
281,154,4
281,22,4
281,169,5
281,309,5
281,27,3
281,12,4
281,3,5
281,37,5
281,126,4
281,180,1
281,186,5
281,250,4
281,61,5
281,1,1
281,0,5
281,75,5
282,349,4
282,106,4
282,10,3
282,8,2
282,9,2
282,5,4
282,1,2
282,0,4
283,164,2
283,371,3
283,104,2
283,191,4
283,307,3
283,140,5
283,319,3
283,27,3
283,12,4
283,112,4
283,15,2
283,403,2
283,171,3
283,16,2
283,58,4
283,2,5
283,3,4
283,13,5
283,10,3
283,9,3
283,1,3
283,8,4
283,37,3
283,148,1
283,5,3
283,4,4
283,0,4
284,5,4
284,4,5
284,0,5
285,14,3
286,442,5
286,389,4
286,274,4
286,142,5
286,330,4
286,84,5
286,369,5
287,298,5
287,457,5
287,343,5
287,429,5
287,96,5
287,25,4
287,89,5
287,45,4
287,40,3
287,17,5
287,18,5
287,7,3
287,151,5
287,348,5
287,103,5
287,179,3
287,438,5
287,296,5
287,493,5
287,192,4
287,413,4
287,76,4
287,489,4
287,160,4
287,19,3
287,371,4
287,191,5
287,125,4
287,224,3
287,47,2
287,253,4
287,288,4
287,308,5
287,409,4
287,286,5
287,84,4
287,39,5
287,148,5
287,174,5
287,142,4
287,95,4
287,270,4
287,51,4
287,130,3
287,24,3
287,469,4
287,396,3
287,260,5
287,195,5
287,397,4
287,22,2
287,206,4
287,133,5
287,92,3
287,35,3
287,64,2
287,485,4
287,311,4
287,132,5
287,146,5
287,71,4
287,190,5
287,221,2
287,4,5
287,153,5
287,81,4
287,470,5
287,481,5
287,285,5
287,453,4
287,347,4
287,301,5
287,261,5
287,55,4
287,428,5
287,254,5
287,494,4
287,475,5
287,28,5
287,370,5
287,143,5
287,223,4
287,184,4
287,118,3
287,73,5
287,56,5
287,66,5
287,6,4
287,2,5
287,147,5
287,82,3
287,69,4
287,31,4
287,205,5
287,27,5
287,12,5
287,3,5
287,0,5
287,170,4
287,115,4
287,227,3
287,188,5
287,105,5
287,264,5
287,459,5
287,327,5
287,204,5
287,401,5
287,336,5
287,149,5
287,91,5
287,497,5
287,60,5
287,54,5
287,120,5
287,243,3
287,78,5
287,10,5
287,1,4
287,8,2
287,9,5
287,462,3
287,331,5
287,245,4
287,222,5
287,67,5
287,415,5
288,125,5
288,167,4
288,448,1
288,151,5
288,237,4
288,150,5
288,79,5
288,21,4
288,121,5
288,87,4
288,34,4
288,200,4
288,484,5
288,107,4
288,65,3
288,136,3
288,77,4
288,158,3
288,124,4
288,67,3
288,144,4
288,354,3
288,57,3
288,56,2
288,18,4
288,86,3
288,35,3
288,31,3
288,363,4
288,33,3
288,16,4
288,15,3
288,36,5
288,2,3
288,128,4
288,292,4
288,220,4
288,66,4
288,73,4
288,310,4
288,290,3
288,345,3
288,1,3
288,7,3
288,5,4
288,4,3
288,0,4
288,6,4
289,16,1
289,75,1
289,351,4
289,52,5
289,8,5
290,381,4
290,438,5
290,378,3
290,127,5
290,167,5
290,178,5
290,34,3
290,160,4
290,19,5
290,39,5
290,12,4
290,27,5
290,499,5
290,496,3
290,35,3
290,216,3
290,41,5
290,114,5
290,13,5
290,2,5
290,210,4
290,32,4
290,249,3
290,251,5
290,106,5
290,64,4
290,70,5
290,98,4
290,36,4
290,29,4
290,23,4
290,6,4
290,214,4
290,5,5
290,8,3
290,9,3
290,1,4
290,14,3
290,72,5
290,0,5
290,4,5
290,58,5
291,26,5
291,28,2
291,99,5
291,424,4
291,11,5
291,246,3
291,62,5
291,14,4
291,13,5
291,2,5
291,0,5
292,24,3
292,105,3
292,114,3
292,13,3
292,5,3
292,0,5
292,2,5
292,241,4
292,204,3
292,149,4
292,249,4
292,496,3
292,216,3
292,425,4
292,325,3
292,305,4
292,107,4
292,230,3
292,487,3
292,440,3
292,456,3
292,375,3
292,332,3
292,284,3
292,100,4
292,290,3
292,252,3
292,215,4
292,136,3
292,102,4
292,90,3
293,74,4
293,75,5
293,191,5
293,13,5
293,12,5
293,3,4
293,475,4
293,100,4
293,114,4
293,28,4
293,2,4
293,105,4
293,1,4
293,249,5
293,90,5
293,20,5
293,107,5
294,419,5
294,34,2
294,81,5
294,189,2
294,376,4
294,96,3
294,404,4
294,279,3
294,202,4
294,25,3
294,368,4
294,374,4
294,157,5
294,116,3
294,273,3
294,384,4
294,263,3
294,484,4
294,373,5
294,24,3
294,79,3
294,182,2
294,47,2
294,39,3
294,306,4
294,75,2
294,2,2
294,291,5
294,0,3
295,103,2
295,19,4
295,97,2
295,46,2
295,44,3
295,23,4
295,29,3
295,6,4
295,51,4
295,13,4
295,114,5
295,477,3
295,360,3
295,2,5
295,92,3
295,35,3
295,482,4
295,32,4
295,212,3
295,266,3
295,413,5
295,106,5
295,49,4
295,73,2
295,66,3
295,56,3
295,52,3
295,60,3
295,18,3
295,17,3
295,7,3
295,61,3
295,295,4
295,190,3
295,299,3
295,20,4
295,5,3
295,0,4
295,71,5
296,10,4
296,8,4
296,9,4
297,17,3
297,18,2
297,7,3
297,269,3
297,5,4
297,0,3
297,6,3
297,207,3
297,106,3
297,172,5
297,59,3
297,16,4
298,27,3
298,12,5
298,3,5
298,205,4
299,11,4
300,19,2
300,199,3
300,2,2
300,11,5
301,364,3
301,343,2
301,7,2
301,346,5
301,229,5
301,489,2
301,337,4
301,120,2
301,385,4
301,211,3
301,128,4
301,54,2
301,151,4
301,125,4
301,368,4
301,157,4
301,103,3
301,101,4
301,122,5
301,277,4
301,34,3
301,47,3
301,373,3
301,109,4
301,51,2
301,374,4
301,171,2
301,14,4
301,283,3
301,273,3
301,39,5
301,384,3
301,218,4
301,161,3
301,140,3
301,98,3
301,183,4
301,50,4
301,15,2
301,32,5
301,2,4
301,5,3
301,4,4
301,0,4
301,11,4
301,61,4
301,27,2
301,12,3
301,3,3
301,10,2
301,9,2
301,8,2
301,1,2
302,0,5
302,5,5
302,4,5
302,77,5
302,12,4
303,277,4
303,269,5
303,16,5
303,11,4
303,32,5
304,1,2
304,5,4
304,0,5
304,8,1
304,6,5
305,209,3
305,30,1
305,306,5
305,221,5
305,412,5
305,161,5
305,259,1
305,53,4
305,319,3
305,205,4
305,212,1
305,12,5
305,309,4
305,112,5
305,50,5
305,235,1
305,5,5
305,4,5
305,15,1
305,72,5
305,0,5
305,229,4
306,308,5
306,19,5
306,51,4
306,409,5
306,2,4
306,316,5
306,286,5
306,84,5
306,148,5
306,37,3
306,284,3
306,100,4
306,0,2
306,28,4
307,0,4
307,449,2
307,258,3
308,417,3
308,444,3
308,80,3
308,129,3
308,121,3
308,38,4
308,10,4
308,8,4
308,85,3
308,1,4
309,28,3
309,98,3
310,5,4
310,4,5
310,0,5
311,84,3
311,232,4
311,260,3
311,105,4
311,76,4
311,147,3
311,363,3
311,82,4
311,69,4
311,496,2
311,216,3
311,179,4
311,107,3
311,415,4
311,494,1
311,497,4
311,208,4
311,33,3
311,342,3
311,144,3
311,42,4
311,25,4
311,149,2
311,31,5
311,35,2
311,490,4
311,102,5
311,132,4
311,248,2
311,54,4
311,146,3
311,78,2
311,45,3
311,382,4
312,151,4
312,47,3
312,5,3
312,4,3
312,49,3
312,6,3
313,195,5
313,90,5
313,375,5
313,332,5
313,100,5
313,105,5
313,230,3
313,107,3
313,278,4
313,299,5
313,300,5
313,247,5
313,20,5
313,37,5
313,473,4
313,444,5
313,417,5
313,80,5
313,304,5
313,23,4
313,29,5
313,6,5
313,10,5
313,341,4
313,9,5
313,8,5
313,1,5
314,335,5
315,308,5
315,27,4
315,12,5
315,84,5
315,3,5
315,10,5
315,8,4
315,1,5
315,426,5
315,267,5
316,32,4
316,175,3
316,168,3
316,356,4
316,476,4
316,467,3
316,430,5
316,407,3
316,383,3
316,322,3
316,317,4
316,250,4
316,255,4
316,186,5
316,141,2
316,80,3
316,352,3
316,450,2
316,124,3
316,399,3
316,394,3
316,1,4
317,181,3
318,19,5
318,41,3
318,26,4
318,68,4
318,43,3
318,23,4
318,29,4
318,36,5
318,416,4
318,4,3
318,5,3
318,0,4
318,6,4
318,432,4
318,1,3
319,0,4
320,472,3
320,438,4
320,53,2
320,41,2
320,479,3
320,34,4
320,2,3
321,140,5
321,2,1
321,262,4
321,9,5
321,8,2
321,87,5
321,67,5
321,35,4
321,38,5
321,85,3
321,1,5
322,59,5
322,61,5
323,68,3
323,43,5
323,15,4
323,19,3
323,193,5
323,5,3
323,295,4
323,48,4
323,34,5
323,93,4
323,92,3
323,35,3
323,10,3
323,9,2
323,8,4
323,1,3
323,4,4
323,33,4
324,189,5
324,103,4
324,419,4
324,74,4
324,298,4
324,376,4
324,443,5
324,138,3
324,194,4
324,179,5
324,253,4
324,200,5
324,150,5
324,51,4
324,227,4
324,412,5
324,492,4
324,115,5
324,94,5
324,39,5
324,188,5
324,79,4
324,146,4
324,241,4
324,205,5
324,388,5
324,334,5
324,143,3
324,370,5
324,324,4
324,410,5
324,91,4
324,1,4
324,12,5
324,13,3
324,487,4
324,440,3
324,456,4
324,375,3
324,332,3
324,284,3
324,391,2
324,106,3
324,256,5
324,100,4
324,11,4
324,72,5
324,5,4
324,4,5
324,0,5
325,321,5
325,35,4
326,2,4
326,19,3
326,15,4
326,72,5
326,0,5
327,50,3
327,12,4
327,171,2
327,72,4
327,248,3
327,212,3
327,22,3
327,479,2
327,25,3
327,110,2
327,40,2
327,5,4
327,17,4
327,18,3
327,7,4
327,4,4
327,0,5
327,123,5
327,10,4
327,9,4
327,8,3
327,1,5
328,68,3
328,43,4
328,15,3
328,214,4
328,5,5
328,3,4
328,126,5
328,27,3
328,12,4
328,1,4
328,0,5
329,457,3
329,74,4
329,384,4
329,364,4
329,308,4
329,209,4
329,188,4
329,411,3
329,130,4
329,224,4
329,288,3
329,53,4
329,143,3
329,135,4
329,306,4
329,42,3
329,25,3
329,488,3
329,33,3
329,90,4
329,84,4
329,89,4
329,286,4
329,242,4
329,142,4
329,389,3
329,323,3
329,228,3
329,442,4
329,182,4
329,174,4
329,91,4
329,147,3
329,69,2
329,369,4
329,54,4
329,95,4
329,1,4
329,81,4
329,82,3
329,40,4
329,274,4
329,217,2
329,177,3
329,439,4
329,318,4
329,22,3
329,104,4
329,34,3
329,8,4
329,9,4
329,10,4
329,17,4
329,24,3
329,18,4
329,7,4
329,293,3
329,2,5
329,265,3
329,71,3
329,159,3
329,212,4
329,57,3
329,73,4
329,66,4
329,52,4
329,56,4
329,60,4
329,93,3
329,240,3
329,226,3
329,31,2
329,225,4
329,75,4
329,50,4
329,148,5
329,45,4
329,12,4
329,88,4
329,5,4
329,0,4
329,72,4
330,8,3
330,9,3
330,10,4
330,48,5
330,4,5
330,11,5
330,14,5
330,171,4
330,0,5
330,1,4
331,147,2
331,82,4
331,69,3
331,31,3
331,111,4
331,21,4
331,50,2
331,66,2
331,73,2
331,52,2
331,56,2
331,60,2
331,293,4
331,472,3
331,337,4
331,157,5
331,486,4
331,194,4
331,373,4
331,298,5
331,279,4
331,116,3
331,174,4
331,142,3
331,95,4
331,150,2
331,94,2
331,79,3
331,34,3
331,151,5
331,74,3
331,125,5
331,47,4
331,27,3
331,265,2
331,12,4
331,126,4
331,5,4
331,4,4
331,207,2
331,307,2
331,3,4
331,0,4
332,424,3
332,443,1
332,51,5
332,371,3
332,191,4
332,12,2
332,3,2
332,68,2
332,43,3
332,15,4
332,156,5
332,5,4
332,4,5
332,0,5
332,172,3
332,278,5
333,201,4
333,2,4
333,16,5
333,22,4
333,278,5
333,34,4
333,12,4
333,3,3
333,48,5
333,70,3
333,245,5
333,330,3
333,168,5
333,222,5
333,49,5
333,180,5
333,25,3
333,391,3
333,4,5
333,106,3
333,0,4
333,1,5
333,8,5
333,31,3
333,9,3
333,46,4
333,199,4
333,175,5
333,108,5
333,45,5
333,124,5
333,65,3
333,77,4
333,110,5
333,67,5
333,40,5
333,61,5
333,29,4
333,36,4
333,18,5
333,32,4
333,17,5
333,23,4
333,7,5
333,6,4
333,10,5
333,5,3
334,25,5
334,18,5
334,0,5
335,20,2
335,99,3
335,12,3
335,3,5
335,2,4
335,28,4
335,5,4
335,0,4
336,61,3
336,4,4
336,5,4
336,226,5
336,0,4
337,3,4
337,8,4
337,9,3
337,10,3
337,106,2
337,35,4
337,60,5
337,52,4
337,2,4
337,1,4
337,20,3
337,11,5
337,37,5
337,13,5
338,71,3
338,58,5
338,2,4
338,32,3
338,5,3
338,4,3
339,5,4
339,4,4
339,0,4
340,126,5
340,32,4
340,4,5
340,5,5
340,0,5
341,169,2
341,16,2
341,351,5
341,12,4
341,72,5
342,2,5
343,271,4
343,346,4
343,103,4
343,432,3
343,291,4
343,378,3
343,270,3
343,36,4
343,23,5
343,29,5
343,157,5
343,368,5
343,351,4
343,117,3
343,125,3
343,273,4
343,277,5
343,109,4
343,437,4
343,279,5
343,355,5
343,128,4
343,51,4
343,182,4
343,202,4
343,132,4
343,90,4
343,76,3
343,178,3
343,47,4
343,94,4
343,79,4
343,381,4
343,179,2
343,38,3
343,421,4
343,19,4
343,106,4
343,99,4
343,268,3
343,14,5
343,191,3
343,114,5
343,493,3
343,460,4
343,171,4
343,49,4
343,423,5
343,77,5
343,122,4
343,83,3
343,30,3
343,6,5
343,34,5
343,27,3
343,259,3
343,258,5
343,50,4
343,172,4
343,226,4
343,39,3
343,55,3
343,41,4
343,13,5
343,2,4
343,62,5
343,5,5
343,4,5
343,0,5
343,405,3
343,11,4
343,468,4
343,476,5
343,430,5
343,407,4
343,383,4
343,317,4
343,255,4
343,250,5
343,12,4
343,193,4
343,7,2
343,186,4
343,58,4
343,64,4
343,15,2
343,130,4
343,53,4
343,75,4
343,3,4
343,98,5
343,395,4
343,380,4
343,156,5
343,116,5
344,457,5
344,490,4
344,323,5
344,454,4
344,392,4
344,220,4
344,144,4
344,35,3
344,252,4
344,290,4
344,215,4
344,208,4
344,342,4
344,136,3
344,452,4
344,297,4
344,134,4
344,129,4
344,121,4
344,85,4
344,87,4
344,63,5
344,21,4
344,38,4
344,75,4
344,481,4
344,285,5
344,288,5
344,382,4
344,158,5
344,73,5
344,52,5
344,66,5
344,56,4
344,60,4
344,352,3
344,3,2
344,402,5
344,10,4
344,9,4
344,8,4
344,464,4
344,226,5
344,78,3
344,147,4
344,82,4
344,69,4
344,442,5
344,274,4
344,389,4
344,174,4
344,142,5
344,429,5
344,348,5
344,336,3
344,95,4
344,333,5
344,426,4
344,362,4
344,31,3
344,439,4
344,236,3
344,267,4
344,369,4
344,318,5
344,240,5
344,84,5
344,148,5
344,180,4
344,1,4
345,38,3
345,3,3
345,107,3
345,57,4
345,40,3
345,491,4
345,278,4
345,17,4
345,18,4
345,7,4
345,23,3
345,50,4
345,36,4
345,6,4
345,164,4
345,282,5
345,9,4
345,8,4
345,1,4
345,239,5
345,247,3
345,473,4
345,141,3
345,59,3
345,32,4
346,16,3
346,99,4
346,11,4
346,70,3
346,32,4
346,5,3
346,4,4
346,22,4
347,58,5
347,219,3
347,419,3
347,140,5
347,26,5
347,11,4
347,2,5
347,64,4
347,14,3
347,0,3
348,0,3
348,405,1
349,27,4
349,26,4
349,13,4
349,18,4
349,10,2
349,317,3
349,467,3
349,322,3
349,29,4
349,23,4
349,9,3
349,8,2
349,186,3
349,59,4
349,5,5
349,17,4
349,0,5
349,6,4
349,1,3
349,394,3
349,250,3
349,61,3
349,7,4
350,81,5
350,24,5
350,3,2
350,287,2
350,97,4
350,44,5
350,351,4
350,133,5
350,80,3
350,20,3
350,342,5
350,40,5
350,42,5
350,32,3
350,46,5
350,92,5
350,29,5
350,25,5
350,23,5
350,18,5
350,206,5
350,6,5
350,5,5
350,4,5
350,7,5
350,35,5
350,17,5
350,36,5
350,0,5
351,472,5
351,244,3
351,385,5
351,457,3
351,163,4
351,57,3
351,283,3
351,211,3
351,128,3
351,384,4
351,273,4
351,291,3
351,209,4
351,53,4
351,138,3
351,324,2
351,111,3
351,63,3
351,448,4
351,170,3
351,455,4
351,89,4
351,68,2
351,43,2
351,71,4
351,339,4
351,412,5
351,265,3
351,30,2
351,135,3
351,45,3
351,40,3
351,17,3
351,145,3
351,104,3
351,154,3
351,22,4
351,242,5
351,25,4
351,69,3
351,442,4
351,389,3
351,288,2
351,0,4
351,174,3
351,142,4
351,257,5
351,203,5
351,323,3
351,21,3
351,95,4
351,173,4
351,33,4
351,192,2
351,274,3
351,55,5
351,12,5
351,67,3
351,223,5
351,226,3
351,112,5
351,15,3
351,410,3
351,225,3
351,72,5
351,164,4
351,122,5
351,35,4
351,379,3
351,345,3
351,61,4
351,399,3
351,450,3
351,129,3
351,87,3
351,85,3
351,66,4
351,121,3
351,9,3
351,10,3
351,8,3
351,1,3
351,38,4
351,73,4
351,52,4
351,56,3
351,118,4
351,60,4
351,184,4
352,176,3
352,16,4
352,122,5
352,10,1
352,9,2
352,1,2
352,207,3
353,101,5
354,2,5
355,395,5
355,380,5
355,156,5
356,15,4
356,4,5
356,5,5
356,0,5
356,1,3
356,341,3
357,26,3
357,13,4
357,19,5
358,39,5
358,8,5
358,9,5
358,38,5
358,60,5
358,66,5
358,418,5
358,52,5
358,85,5
358,1,5
358,61,5
359,351,5
360,53,5
360,200,5
360,232,5
360,90,5
360,102,5
360,84,3
360,253,5
360,138,4
360,120,5
360,36,5
360,23,5
360,29,5
360,16,4
360,225,3
360,400,3
360,160,5
360,130,5
360,227,5
360,412,5
360,115,5
360,388,5
360,324,5
360,63,5
360,19,4
360,39,3
360,27,5
360,421,5
360,205,5
360,62,5
360,41,4
360,21,5
360,114,5
360,159,4
360,88,4
360,55,5
360,12,5
360,3,5
360,2,5
360,13,4
360,6,4
360,241,5
360,204,5
360,149,5
360,81,5
360,24,5
360,146,5
360,54,4
360,11,5
360,4,5
360,5,5
360,0,5
361,19,5
361,39,4
361,170,5
361,402,2
361,10,5
361,9,5
361,1,5
362,20,4
362,1,3
362,98,4
362,0,5
362,70,5
362,6,5
362,32,5
363,402,4
363,464,3
363,286,3
363,84,5
363,170,4
363,348,4
363,240,3
363,8,4
363,9,4
363,10,4
363,54,4
363,43,3
363,68,3
363,78,4
363,15,4
363,72,5
363,0,5
363,1,4
364,106,5
365,40,4
365,45,4
365,264,4
365,133,5
365,92,5
365,35,5
365,359,5
365,424,2
365,301,5
365,17,5
365,18,5
365,7,5
365,81,5
365,24,5
365,108,4
365,465,5
366,97,3
366,164,4
366,46,3
366,44,4
366,11,3
366,17,4
366,18,4
366,7,4
366,36,3
366,23,4
366,29,4
366,6,4
366,1,1
366,5,3
366,4,5
366,0,5
367,438,4
367,451,3
367,117,5
367,109,4
367,51,4
367,316,5
367,53,4
367,319,4
367,12,4
367,3,5
367,15,2
367,179,2
367,321,4
367,130,4
367,26,3
367,71,3
367,13,4
367,2,5
367,11,4
367,5,3
367,4,5
367,0,5
368,48,4
368,1,4
368,165,3
368,258,3
369,15,5
369,68,4
369,43,4
369,16,4
369,5,5
369,4,4
369,7,4
369,309,5
369,1,4
370,415,3
370,77,4
370,278,4
370,11,1
370,477,3
370,473,5
370,329,5
370,304,4
370,4,5
370,5,5
370,375,4
370,332,5
370,284,5
370,100,5
370,108,5
370,289,5
370,136,4
370,67,1
370,0,5
370,215,4
370,56,1
370,7,3
370,107,3
371,101,4
371,4,4
371,5,4
371,0,5
372,200,4
372,98,4
372,169,4
372,3,4
372,32,4
372,77,5
372,6,4
372,1,3
372,61,4
372,23,3
373,0,3
374,10,1
374,1,1
374,5,1
374,0,1
374,4,1
375,191,4
375,217,3
375,251,5
375,177,4
375,58,5
375,43,1
375,388,2
375,324,1
375,63,1
375,5,4
375,4,4
375,1,3
375,0,4
376,13,5
376,242,5
376,45,3
376,40,2
376,44,1
376,37,4
376,205,4
376,338,4
376,4,4
376,5,3
376,112,5
376,36,4
376,72,4
376,0,4
376,50,4
376,6,4
376,1,1
376,23,3
376,258,5
377,0,4
377,4,3
378,140,5
378,277,5
378,179,5
378,19,5
378,0,5
378,3,5
378,172,5
378,353,5
378,243,5
378,78,5
378,475,4
379,51,5
379,19,5
379,58,5
380,268,5
380,87,5
380,93,4
380,289,5
380,38,5
380,11,2
380,28,3
380,341,5
380,329,4
380,473,5
380,304,4
380,80,3
380,276,5
380,10,3
380,49,4
380,114,2
380,9,3
380,4,3
380,5,2
380,8,2
380,101,5
380,2,2
380,300,4
380,299,4
380,247,4
380,20,5
380,0,4
380,396,3
380,232,3
380,328,5
380,260,3
380,195,3
380,132,3
380,76,5
380,90,5
380,81,3
380,54,3
380,105,5
380,102,5
380,1,4
380,13,2
381,402,5
381,84,5
381,78,3
381,267,3
382,3,2
382,12,4
382,6,3
382,5,3
382,4,3
383,464,4
383,279,5
383,202,5
383,73,5
383,66,4
383,56,5
383,86,4
383,308,3
383,236,4
383,216,5
383,27,4
383,409,5
383,387,4
383,166,4
383,211,5
383,242,5
383,42,5
383,205,4
383,25,4
383,174,5
383,142,4
383,33,4
383,370,3
383,84,3
383,95,4
383,355,5
383,389,4
383,116,4
383,274,4
383,50,4
383,24,4
383,7,4
383,4,3
383,5,4
383,0,5
383,112,4
383,159,5
383,79,3
383,267,4
383,226,3
383,369,4
383,182,5
383,2,5
383,360,4
383,212,4
383,88,4
383,225,4
383,75,5
383,12,5
383,72,5
383,148,3
384,199,3
384,101,3
384,14,3
384,5,2
384,4,2
384,0,3
385,34,3
385,3,4
385,11,4
385,14,3
385,2,4
385,6,5
385,54,5
385,254,4
385,5,4
385,4,4
385,0,5
385,459,4
385,119,2
385,83,4
385,30,4
385,37,4
385,341,3
385,289,3
385,396,3
385,328,3
385,260,3
385,195,3
385,132,4
385,105,4
385,76,4
385,90,4
385,444,4
385,417,4
385,304,3
385,80,4
385,300,4
385,299,4
385,247,4
385,20,5
385,10,4
385,9,4
385,8,3
385,1,4
386,308,5
386,2,5
386,224,5
386,84,5
386,362,5
386,9,5
386,8,5
387,49,5
388,32,5
389,136,5
389,18,3
389,93,5
389,4,5
389,3,5
389,0,5
389,1,5
390,94,3
390,79,3
390,137,5
390,178,3
390,27,2
390,3,2
390,210,3
390,72,2
390,110,3
390,5,3
390,123,5
390,0,5
390,4,5
390,14,5
390,1,5
390,9,5
391,172,3
392,9,2
392,10,3
392,8,3
392,276,3
392,29,3
392,349,5
392,5,5
392,4,3
392,14,5
392,49,5
392,36,5
392,1,3
393,457,5
393,146,5
393,54,5
393,89,5
393,291,5
393,118,5
393,174,5
393,442,5
393,142,5
393,95,5
393,24,5
393,21,5
393,184,5
393,88,5
393,45,5
393,12,5
393,237,5
393,347,3
393,453,2
393,126,5
393,303,5
393,52,5
393,18,5
393,35,1
393,274,5
393,67,1
393,31,5
393,38,5
393,73,5
393,389,5
393,363,5
393,220,5
393,60,5
393,144,5
393,25,5
394,411,5
394,163,5
394,57,5
394,42,5
394,228,5
394,30,5
394,49,5
395,11,3
395,32,5
395,61,5
396,387,5
396,374,3
396,289,3
396,373,2
396,460,3
396,182,5
396,41,1
396,75,5
396,2,5
396,166,2
396,33,2
396,312,2
396,5,5
396,4,5
396,0,5
397,5,3
397,126,3
397,1,1
398,272,3
399,343,5
399,103,5
399,117,5
399,269,5
399,451,5
399,296,5
399,307,3
399,13,5
399,19,5
399,58,5
399,421,2
399,81,5
399,24,5
399,340,2
399,22,5
399,397,5
399,450,5
399,16,5
399,2,5
399,399,5
399,345,5
399,379,5
399,297,5
399,155,5
399,134,5
399,121,5
399,87,5
399,5,5
399,4,5
399,331,5
399,245,5
399,425,5
399,305,5
399,230,5
399,325,5
399,435,5
399,350,5
399,294,5
399,302,5
399,217,5
399,177,5
400,54,2
400,64,2
400,26,3
400,13,3
400,98,1
400,12,3
400,145,3
400,16,2
400,30,1
400,248,1
400,1,3
400,152,1
400,359,3
400,70,3
400,495,2
400,199,3
400,8,2
400,22,3
400,171,3
400,7,2
400,5,2
401,272,3
401,41,3
401,11,3
401,16,3
402,123,3
402,33,3
402,10,2
402,1,3
402,8,3
403,27,2
403,6,3
404,63,3
404,248,3
404,434,3
405,284,3
405,100,3
406,274,3
406,389,3
406,97,3
406,46,3
406,44,3
406,36,3
406,23,3
406,22,2
406,175,3
406,236,3
406,336,3
406,78,3
406,174,3
406,75,2
406,238,2
406,72,3
406,124,3
406,33,2
406,6,3
406,208,3
406,400,3
407,469,2
408,45,2
408,40,2
408,17,3
408,18,3
408,7,3
408,205,3
408,5,3
408,100,2
408,8,3
408,10,2
408,9,3
408,80,2
408,1,3
409,5,3
410,4,2
410,5,2
410,0,2
411,1,1
412,27,2
413,472,3
413,118,3
413,241,3
413,204,3
413,55,2
413,263,3
413,63,3
413,173,3
413,200,2
413,128,3
413,232,3
413,299,3
413,489,3
413,40,3
413,21,2
413,124,3
413,41,3
413,234,3
413,323,3
413,60,3
413,396,2
413,260,2
413,328,3
413,195,3
413,4,3
413,313,3
413,3,3
413,8,1
413,9,1
413,1,2
413,119,3
413,30,3
413,10,2
413,67,3
413,35,3
413,31,3
413,476,3
413,467,3
413,6,2
414,139,3
414,46,3
414,44,2
414,23,3
414,29,3
414,19,2
414,491,2
414,54,3
414,2,2
414,41,3
414,114,3
415,404,3
415,0,1
415,416,2
415,218,2
415,50,3
415,42,1
415,25,1
416,120,3
416,195,3
416,3,3
416,16,3
416,11,3
417,460,3
417,156,3
417,67,1
417,391,2
417,311,3
417,37,2
417,8,3
418,320,3
419,37,2
419,32,3
419,13,3
419,4,3
419,11,3
419,12,2
419,3,3
419,2,3
419,5,2
420,143,3
420,24,2
420,81,3
420,5,3
420,4,3
420,434,3
421,335,3
421,59,3
421,5,3
421,4,3
421,122,3
421,49,3
422,80,2
422,101,3
422,214,3
422,445,2
422,20,3
422,127,3
422,30,3
422,1,1
423,308,3
423,265,1
423,286,3
423,24,2
423,81,3
423,16,3
423,20,3
423,1,3
424,210,3
424,1,2
425,1,1
426,20,3
426,27,3
426,12,3
426,186,2
426,10,1
426,4,2
426,5,2
426,293,2
426,3,2
426,6,3
426,105,2
426,207,3
426,268,3
426,1,2
426,0,3
427,1,1
428,24,3
428,8,3
428,9,2
428,10,2
428,1,3
429,26,3
429,20,1
430,117,3
431,213,3
432,293,3
432,454,3
432,477,3
432,432,3
432,79,3
432,41,3
432,161,3
432,424,3
432,317,3
432,392,1
432,93,3
432,427,3
432,38,1
432,65,2
432,356,2
432,416,3
432,164,3
432,468,2
432,430,2
432,394,3
432,476,2
432,407,3
432,59,1
432,383,3
432,467,3
432,322,3
432,255,3
432,250,3
432,29,2
432,23,2
432,186,3
432,36,2
432,18,3
432,6,2
432,12,3
432,225,3
432,17,3
432,91,2
432,7,3
432,5,3
432,203,2
432,173,2
432,108,3
432,176,3
432,72,3
432,404,3
433,245,2
433,121,2
433,57,3
433,31,1
433,160,2
433,12,3
433,490,2
433,0,3
434,0,3
435,1,2
436,413,3
436,106,3
436,1,2
437,378,2
437,312,2
437,183,3
437,11,3
437,172,3
437,313,3
437,67,1
437,30,1
437,237,2
438,123,1
438,1,1
438,8,2
438,108,3
438,10,2
439,51,3
439,24,3
440,4,2
440,0,3
441,103,3
441,189,3
441,221,2
441,312,3
441,398,3
441,380,3
441,172,3
441,78,3
441,40,3
441,9,2
441,167,3
441,289,2
441,70,3
441,169,3
441,246,3
441,33,2
441,17,3
441,18,3
441,445,3
441,20,3
441,171,3
441,120,3
441,141,3
441,271,3
441,12,3
441,31,3
441,10,2
441,8,1
441,32,3
441,5,2
441,448,3
441,11,2
441,7,3
441,6,3
441,1,2
441,0,3
441,24,1
441,417,3
441,357,3
441,428,3
442,4,3
442,0,3
443,16,3
443,8,2
443,9,2
443,10,2
443,1,2
444,101,3
444,386,3
444,51,1
444,103,3
444,19,2
444,374,3
444,179,2
444,387,2
444,20,2
444,262,3
444,287,3
444,495,3
444,5,2
445,120,3
445,117,3
445,41,3
445,26,3
445,21,3
445,67,3
445,35,1
445,166,3
446,12,3
446,41,3
446,114,3
446,162,3
446,239,3
446,29,3
446,6,3
447,1,3
448,10,2
448,9,2
448,8,2
448,1,2
449,160,3
449,319,3
449,101,3
449,61,2
450,24,3
450,21,3
450,40,3
450,60,3
450,124,3
450,38,3
451,8,3
451,13,1
451,1,2
451,12,2
451,98,2
451,328,2
451,232,2
451,195,2
451,102,3
451,90,3
451,167,3
451,260,2
451,22,3
451,248,3
451,15,2
451,424,3
451,76,3
451,100,3
451,28,1
451,5,3
451,2,1
451,64,2
452,219,3
452,117,3
452,101,3
452,26,2
452,62,3
452,24,2
452,37,3
452,2,3
452,1,2
452,5,1
452,4,2
453,49,3
453,4,3
453,5,3
453,72,3
453,8,2
453,40,3
454,13,1
454,269,3
454,16,3
454,412,3
454,205,3
454,12,3
454,3,3
454,59,1
455,3,3
456,48,2
456,1,3
456,20,3
457,154,3
457,22,3
457,26,3
457,15,3
457,105,3
457,405,3
458,3,2
458,5,2
458,1,1
458,0,2
459,279,3
459,202,3
459,273,3
459,218,3
459,161,3
459,53,3
459,1,1
459,37,3
459,484,3
459,89,2
459,68,2
459,43,2
459,319,2
459,12,3
459,45,2
459,40,2
459,116,3
459,17,2
459,18,2
459,70,2
459,5,2
459,4,2
459,229,3
459,7,2
459,72,3
459,101,1
459,0,2
460,2,1
461,27,2
461,12,3
461,110,3
461,10,3
461,9,3
462,81,3
462,67,3
462,35,3
462,38,3
462,212,1
463,62,3
463,469,3
463,3,2
463,417,3
463,444,3
463,18,3
463,410,3
463,59,3
463,10,1
463,1,1
464,447,3
465,108,3
465,123,3
465,10,3
465,40,3
465,71,3
465,134,3
465,133,3
465,155,3
465,17,3
465,0,3
465,469,2
465,264,3
466,154,3
466,72,3
466,16,3
466,247,2
466,20,3
466,6,2
467,25,3
467,393,3
467,149,2
467,336,2
467,27,1
467,43,3
467,12,3
467,440,3
467,456,3
467,286,3
467,41,3
467,29,3
468,434,2
468,36,3
468,23,3
468,427,3
468,5,3
469,478,3
470,358,3
470,233,2
470,166,2
470,33,3
470,450,3
470,345,3
470,379,3
470,399,3
470,175,3
470,168,3
470,124,3
471,6,3
471,1,3
472,143,3
472,94,3
472,34,3
472,344,3
472,21,3
472,404,3
472,491,2
472,382,3
472,15,2
472,53,3
472,227,3
472,124,3
472,31,2
472,220,2
472,363,2
472,494,2
472,76,3
472,415,2
472,144,3
472,158,3
472,425,3
472,107,3
472,7,3
472,56,2
472,60,2
472,1,3
472,8,3
472,9,2
472,10,2
473,107,1
473,28,2
473,123,1
473,312,3
473,198,3
473,20,2
473,106,3
473,32,3
473,37,3
473,207,2
473,164,2
473,199,3
473,66,3
473,52,3
473,56,2
473,60,2
473,9,2
473,14,3
473,1,1
473,8,2
474,191,2
474,261,3
474,60,3
474,38,3
474,113,3
475,66,3
475,86,3
475,60,3
475,259,3
475,233,3
475,33,3
476,26,2
476,13,3
476,7,2
476,16,2
477,10,2
477,9,2
477,8,2
477,1,2
478,28,3
479,122,3
480,21,3
480,145,3
480,415,3
480,22,3
481,10,3
482,401,3
482,209,3
482,16,3
482,2,3
483,11,2
483,35,3
483,16,3
484,5,3
485,21,2
485,209,3
485,51,3
485,231,3
485,319,2
485,106,3
485,397,3
485,15,3
485,431,2
485,16,3
486,63,2
487,26,3
487,411,3
487,217,2
487,40,3
487,126,3
488,390,2
488,73,2
489,47,3
489,7,3
490,278,3
491,152,2
491,491,3
491,169,2
491,62,2
491,13,3
491,64,3
492,206,3
492,42,3
492,22,3
493,109,3
494,194,2
494,343,3
494,103,2
494,21,3
494,489,3
494,6,3
494,120,3
494,117,3
494,24,3
494,51,1
494,27,2
494,167,2
494,70,1
494,20,3
494,61,2
494,15,1
494,101,2
494,10,2
494,9,2
494,8,2
494,1,2
494,41,3
494,114,3
494,37,3
495,207,3
496,165,2
496,122,3
496,368,2
496,151,1
496,125,1
496,455,2
496,339,2
496,184,2
496,118,2
496,223,2
496,73,2
496,66,2
496,52,2
496,56,2
496,86,2
496,57,2
496,3,2
496,89,3
496,96,3
496,25,3
496,42,3
496,45,3
496,40,3
496,18,3
496,17,3
496,7,3
497,98,1
497,94,3
497,79,3
497,3,3
498,101,3
499,79,3
499,200,3
499,34,3
499,16,3
499,3,3
500,62,3
500,43,3
500,264,2
500,367,3
500,357,3
501,79,3
501,291,3
501,368,2
501,117,3
501,460,1
501,35,2
502,151,3
502,125,3
502,150,3
502,94,3
502,79,3
502,486,3
502,194,3
502,74,3
502,12,3
502,126,3
502,8,1
502,407,3
502,10,1
502,9,1
502,476,3
502,468,3
502,430,3
502,383,3
502,391,3
502,80,3
502,322,3
502,122,3
502,1,1
503,26,3
503,171,1
503,62,3
503,83,3
503,76,3
503,78,3
503,391,1
503,133,3
503,92,1
503,87,1
503,45,3
503,17,3
503,32,3
503,82,3
503,100,3
503,30,2
503,57,1
503,28,3
503,196,3
503,190,2
503,69,3
503,245,1
503,222,1
503,284,2
503,179,3
503,6,3
503,490,3
503,351,3
503,38,2
503,8,2
503,22,3
503,35,2
503,5,3
503,67,1
503,1,3
504,12,3
504,123,2
504,8,3
504,9,3
504,10,3
505,1,1
506,15,2
506,28,3
506,22,2
506,35,2
506,43,2
506,92,3
507,126,3
508,445,3
508,114,3
508,390,3
509,161,3
510,123,2
510,10,2
510,8,2
510,9,2
510,376,3
510,191,2
510,91,3
510,93,3
510,40,3
510,162,3
510,187,3
510,55,3
510,5,3
511,1,3
512,238,3
512,47,3
513,1,1
514,205,3
514,236,3
514,45,3
515,194,2
516,2,3
516,101,3
516,23,3
516,44,3
516,65,3
516,36,3
516,29,3
516,20,3
516,1,2
517,50,2
517,22,3
517,114,3
517,1,3
518,160,3
518,16,3
518,412,3
518,205,1
518,319,1
518,23,3
518,359,1
518,366,2
518,396,3
518,76,3
518,105,3
518,90,3
518,5,2
518,4,3
518,0,2
518,106,3
518,28,3
518,11,2
518,37,2
518,70,1
519,51,3
519,138,3
519,21,3
519,253,3
519,386,3
519,475,3
519,259,3
519,233,3
520,37,3
521,267,3
521,318,3
521,90,3
522,340,1
522,467,3
522,407,3
522,18,2
522,7,2
522,460,2
522,263,1
522,438,3
522,128,2
522,25,1
522,86,3
522,381,1
522,103,3
522,125,3
522,111,3
522,130,3
522,39,3
522,253,3
522,115,3
522,493,3
522,302,1
522,294,3
522,27,1
522,12,3
522,3,3
522,5,2
522,91,2
522,63,3
522,461,1
522,387,1
522,262,3
522,21,3
522,271,1
522,249,3
522,65,2
522,83,2
522,30,3
522,75,3
522,325,3
522,114,3
522,146,3
523,74,3
523,16,3
523,130,2
523,15,3
524,207,3
524,152,1
524,155,3
524,134,3
524,129,3
524,87,3
524,35,3
524,38,3
524,5,3
525,27,3
525,470,3
525,21,3
525,68,3
525,171,3
525,10,3
525,9,1
525,8,1
526,27,3
526,33,2
526,5,3
526,110,3
526,49,3
527,199,3
528,363,3
528,390,3
528,17,3
528,18,3
528,265,2
528,129,2
528,212,3
528,83,3
529,116,3
529,230,3
529,4,3
529,449,2
530,2,3
531,271,3
531,74,2
531,28,3
532,439,3
533,59,2
533,276,3
533,134,2
533,129,1
533,121,2
533,87,3
533,38,3
533,124,3
533,404,3
533,5,2
533,10,1
533,9,1
533,8,1
533,1,2
533,161,3
534,115,2
534,34,1
534,232,3
534,195,2
534,105,3
534,225,1
534,132,3
534,386,2
534,497,3
534,90,2
534,146,2
534,153,3
534,254,2
534,76,3
534,24,3
534,39,2
534,2,2
534,72,3
535,5,3
535,4,3
536,161,3
536,50,3
537,0,3
537,1,3
538,4,3
539,11,3
539,2,2
540,431,3
541,6,3
541,7,3
541,75,2
541,16,2
541,9,3
542,216,3
542,449,3
542,258,3
542,29,2
542,61,3
543,390,3
543,8,3
544,80,3
544,120,3
545,7,3
546,31,3
546,49,3
546,50,3
546,85,3
547,19,3
547,65,2
548,16,3
548,25,1
549,494,2
549,71,3
550,48,1
550,6,2
551,100,3
552,16,3
553,16,3
554,319,3
554,204,3
554,1,3
555,123,3
555,41,3
555,11,3
555,32,3
555,266,3
555,390,3
555,141,3
556,99,3
556,28,3
556,8,2
556,9,3
556,5,3
556,1,3
557,233,3
557,335,3
558,5,3
559,112,3
559,16,3
560,1,3
560,20,3
561,273,3
561,91,3
561,279,3
561,477,3
561,116,3
561,169,3
561,108,3
561,225,2
561,437,3
561,93,3
561,238,2
561,166,3
561,295,3
561,112,3
561,35,3
561,31,2
561,408,2
561,470,2
561,12,3
561,88,3
561,192,3
561,212,3
561,7,2
561,178,3
561,1,2
562,35,2
562,390,3
563,124,3
563,16,3
563,30,3
563,40,2
563,17,3
563,18,3
563,7,3
563,108,3
563,417,3
563,80,3
563,351,3
564,0,2
565,41,3
565,11,3
565,2,3
565,0,3
565,5,3
565,16,3
566,10,3
566,8,2
567,3,3
567,16,3
567,83,3
567,114,3
567,405,3
567,199,2
567,14,3
567,30,3
567,10,2
567,9,2
567,8,2
567,1,2
568,4,3
569,16,1
570,192,3
570,158,3
570,31,3
570,22,3
570,35,3
570,122,2
570,73,2
570,173,2
570,313,1
570,295,3
570,66,3
570,259,2
570,161,2
570,13,3
570,238,3
570,479,3
570,169,3
570,164,3
570,56,3
570,261,2
570,60,3
570,252,2
570,85,3
570,87,3
570,38,3
570,10,2
570,18,3
570,7,3
570,215,3
571,13,3
571,421,1
572,251,3
572,378,3
572,193,3
572,99,3
572,26,3
572,207,3
572,433,3
572,41,3
572,15,3
572,172,3
572,1,2
572,14,3
573,35,2
574,236,3
574,362,3
575,68,3
575,43,3
575,15,3
575,27,3
575,29,3
575,9,3
575,8,3
575,1,3
576,247,2
576,300,2
576,8,2
576,417,2
576,80,3
576,20,2
577,269,3
577,103,3
577,81,3
577,79,3
577,11,3
577,190,3
577,428,2
577,120,3
577,30,3
577,71,3
578,5,3
579,41,3
579,10,2
579,1,2
579,152,3
579,20,3
580,37,3
580,72,3
581,1,1
582,39,3
582,2,3
583,77,3
583,111,3
583,63,3
583,80,3
583,380,3
583,98,3
583,15,3
583,18,3
583,21,3
583,16,3
583,4,3
584,406,2
584,50,2
585,29,3
585,16,3
585,363,2
585,133,2
585,92,2
585,449,3
585,155,3
585,134,3
585,129,3
585,121,3
585,38,3
585,87,3
585,85,3
586,53,3
586,45,3
586,18,3
586,68,3
586,421,2
586,319,3
586,190,3
586,65,3
586,229,3
586,16,3
586,349,3
586,31,3
586,67,2
586,121,3
586,183,3
586,313,2
587,24,3
587,388,3
587,27,3
587,190,2
588,0,3
589,1,2
590,24,3
591,156,3
591,3,3
592,467,3
592,356,3
592,317,3
592,250,3
592,255,3
592,34,3
592,77,3
593,477,3
593,360,3
593,82,3
593,69,3
593,300,3
593,207,3
593,396,3
593,232,3
593,328,3
593,260,3
593,195,3
593,247,3
593,110,3
593,10,3
593,9,3
593,8,3
593,132,3
593,413,3
593,24,3
593,81,3
593,106,3
593,397,3
593,14,3
593,71,3
593,28,3
593,76,3
593,31,3
593,171,2
593,289,2
593,13,3
593,32,3
593,102,3
593,90,3
593,212,3
594,341,3
595,60,2
596,106,2
596,10,2
596,8,1
596,28,1
597,180,3
597,80,3
597,195,3
598,152,2
598,278,2
599,26,2
600,159,2
600,179,2
600,21,2
600,248,2
601,120,2
601,262,2
601,15,2
601,319,2
601,28,1
602,138,2
602,472,2
602,365,2
603,133,1
603,360,1
603,266,2
604,265,2
605,319,2
606,83,2
607,10,2
607,8,2
608,452,2
608,107,2
608,7,1
608,123,2
608,297,2
608,129,2
608,121,2
608,85,2
608,87,2
608,9,2
608,8,1
608,10,2
608,1,1
608,66,1
608,38,2
609,263,1
609,21,2
609,381,2
609,323,2
609,133,2
609,5,2
610,214,2
611,1,2
612,289,2
613,125,2
613,200,2
613,172,2
613,460,2
613,201,2
613,22,1
613,43,1
613,159,2
613,249,1
613,15,1
614,9,1
614,8,2
614,1,2
614,249,1
615,5,2
616,86,2
616,1,1
617,27,2
618,3,2
618,234,2
618,5,2
618,1,1
618,61,2
619,203,2
619,20,2
620,10,2
620,187,2
620,119,2
620,83,2
620,136,2
620,341,1
620,30,2
620,1,2
621,101,1
622,2,1
622,270,2
622,74,1
622,277,2
622,308,2
622,273,2
622,385,1
622,150,2
622,51,1
622,279,1
622,382,2
622,227,2
622,146,2
622,54,2
622,147,1
622,202,2
622,206,1
622,145,2
622,22,2
622,248,2
622,330,1
622,434,1
622,110,2
622,10,2
622,8,2
622,9,2
622,1,2
622,133,1
622,92,1
622,35,1
622,12,2
622,82,1
622,69,1
622,31,2
622,4,2
623,15,2
623,80,2
623,12,2
623,7,2
623,166,2
623,312,2
623,10,2
624,385,1
624,374,1
624,1,1
624,283,2
624,279,1
624,116,2
624,262,2
624,11,1
625,4,2
625,5,2
626,1,1
626,16,1
627,8,2
627,9,2
628,55,2
629,1,2
630,54,2
630,340,2
630,9,2
630,28,1
631,254,2
631,179,2
631,491,2
631,396,2
631,105,2
632,9,2
633,267,2
633,9,2
634,397,2
634,15,2
634,20,2
635,30,2
635,8,2
635,9,1
635,10,1
635,59,2
636,8,2
636,9,2
636,1,2
637,352,2
637,50,2
637,65,1
637,216,2
637,350,2
637,60,1
638,8,2
639,13,2
639,106,2
639,278,2
639,1,1
640,484,2
640,26,2
641,363,2
641,292,2
641,357,2
641,124,1
641,259,2
641,9,2
641,1,2
642,1,1
643,9,1
643,8,2
643,10,1
643,1,2
644,193,1
644,4,2
644,5,1
644,71,2
645,160,2
645,100,2
645,141,1
645,265,2
645,152,2
645,35,2
646,1,2
647,22,2
647,270,2
647,153,2
647,187,2
647,190,1
648,259,1
648,1,2
649,3,1
650,308,1
651,115,2
651,319,2
651,21,1
651,10,1
651,264,2
652,256,2
653,10,1
653,9,2
653,8,2
653,1,2
654,234,2
655,15,2
655,7,2
656,472,1
656,289,2
656,488,2
656,154,2
656,191,2
656,156,2
657,1,1
658,1,2
659,2,1
660,340,2
660,208,2
660,10,2
660,9,2
660,8,2
661,57,1
661,12,2
661,33,2
661,108,1
661,300,2
661,473,2
661,238,1
661,60,1
661,7,1
661,230,2
661,1,2
661,325,2
661,107,2
662,27,2
663,218,2
663,28,1
663,117,1
663,307,2
663,70,2
663,166,1
663,33,2
663,421,1
664,8,1
665,92,2
665,351,2
665,330,1
665,194,2
665,200,2
665,76,2
665,257,2
665,22,2
665,281,2
665,8,2
665,473,2
665,304,2
665,70,1
666,406,2
667,461,1
667,69,2
667,133,2
668,414,1
669,92,2
669,35,2
670,183,2
670,347,2
670,85,2
671,8,1
671,10,1
671,9,1
671,1,1
672,77,2
672,341,2
672,1,2
673,28,2
674,0,2
675,329,2
675,1,1
676,5,2
676,10,2
676,365,2
676,18,2
677,36,2
678,159,2
678,219,2
678,41,2
678,28,2
678,22,2
678,406,2
678,377,1
678,63,1
678,54,2
678,87,2
678,77,2
678,121,2
678,350,1
678,294,1
678,302,1
678,392,2
678,8,1
678,1,2
679,234,2
679,30,2
679,491,2
680,1,1
680,28,1
681,219,2
682,87,1
682,38,1
683,122,1
683,261,2
683,25,1
683,480,1
683,366,1
684,189,2
684,3,2
684,33,2
685,8,2
685,5,2
685,4,2
686,10,1
686,9,1
686,8,1
686,1,2
687,18,2
687,10,2
687,8,2
687,9,2
687,444,1
687,1,2
687,267,1
687,80,1
688,247,2
688,38,2
688,1,2
689,7,2
689,65,1
690,55,2
690,10,2
690,8,2
691,48,2
691,22,2
691,330,2
692,154,2
692,41,2
693,5,2
694,10,1
694,8,1
694,9,2
694,1,2
695,7,2
695,27,2
696,141,2
697,1,2
698,31,1
698,38,2
698,0,2
698,75,2
698,1,2
699,437,2
700,436,2
700,60,1
700,276,2
700,121,2
700,87,2
701,416,2
702,26,1
702,388,2
702,188,1
702,371,2
702,128,2
702,41,2
702,382,2
702,488,2
702,265,2
702,78,2
702,348,1
702,91,2
702,362,2
702,110,1
702,31,2
702,229,2
702,30,2
702,15,2
702,50,2
703,452,2
703,155,2
703,134,2
703,31,2
703,27,2
703,388,1
703,324,1
703,12,2
703,21,2
704,55,1
704,10,2
705,421,2
705,401,2
705,497,2
706,455,2
706,339,2
706,20,2
707,10,2
708,39,2
708,180,1
708,67,1
708,171,1
708,360,1
708,31,1
708,10,1
708,8,1
708,9,1
708,1,1
709,62,1
710,116,2
710,1,2
710,435,2
710,294,2
710,122,2
710,33,2
710,72,1
710,61,2
711,101,2
711,16,2
711,207,2
711,228,2
712,10,2
712,9,2
713,6,1
714,5,2
715,35,1
715,363,2
715,24,2
715,333,1
715,116,2
716,473,2
717,26,2
718,138,2
718,26,2
718,71,2
718,22,2
719,61,1
719,1,1
720,11,2
721,0,2
722,244,2
722,409,2
722,460,2
722,265,2
722,215,1
722,33,2
722,473,2
722,10,1
722,9,2
722,8,2
722,360,2
722,222,2
722,50,2
722,15,2
723,10,2
724,1,2
725,3,2
725,1,1
726,1,2
727,85,1
727,7,1
727,38,1
727,309,1
727,68,2
727,9,1
727,8,1
727,1,1
727,248,2
727,22,2
728,27,2
728,31,2
728,392,2
728,8,2
729,8,2
729,9,2
729,1,2
730,391,1
730,9,1
730,120,1
730,333,1
730,78,2
731,80,2
732,470,2
732,92,2
732,35,2
732,192,2
733,160,2
733,159,1
733,88,2
733,194,2
733,280,2
733,9,1
733,8,1
733,141,1
733,112,1
733,15,2
733,26,2
733,1,1
733,7,2
734,1,2
735,27,2
735,12,2
736,466,2
736,313,2
737,273,2
737,47,2
738,21,2
738,416,2
738,460,2
738,50,2
738,10,2
738,9,2
738,252,2
738,215,2
738,136,2
738,16,2
739,65,2
740,439,1
741,10,2
741,9,2
741,8,2
742,145,2
742,84,1
742,3,2
742,260,2
742,328,2
742,171,2
742,212,2
742,71,1
742,7,2
742,199,2
742,10,1
743,381,1
743,3,2
743,100,1
744,161,2
744,50,1
744,234,2
744,340,2
744,482,2
745,38,2
746,308,2
747,27,2
747,218,2
748,354,2
748,446,2
748,275,2
748,156,2
748,187,2
748,113,2
748,309,2
748,435,2
749,60,2
749,5,2
749,161,2
749,8,1
749,10,1
749,1,1
749,329,2
749,20,2
750,8,1
750,1,1
751,216,2
751,54,1
751,71,2
751,114,1
752,343,2
752,140,2
752,485,2
752,24,2
752,387,2
752,41,1
752,98,2
752,33,2
753,1,2
754,2,2
754,13,2
754,9,2
754,8,2
754,10,1
755,11,2
756,134,2
756,85,2
756,9,2
756,8,1
756,28,2
757,70,2
758,1,1
759,335,2
759,0,1
760,38,2
760,30,1
761,1,2
762,252,2
763,48,2
763,123,2
763,10,2
763,8,2
763,9,2
763,1,2
764,10,1
764,8,1
764,9,1
764,1,1
765,19,2
766,378,2
766,34,2
766,68,2
767,67,2
768,24,2
768,27,1
768,12,2
768,3,2
768,405,2
768,68,2
768,1,1
768,2,2
769,27,2
769,169,2
770,461,2
770,265,2
770,110,1
770,8,2
770,9,1
771,1,2
772,6,2
772,5,2
773,415,2
773,454,2
773,200,2
773,120,2
773,174,2
773,21,2
773,245,2
773,133,1
773,92,1
773,35,2
773,206,1
774,1,2
775,1,2
776,45,2
776,73,2
776,52,2
776,297,2
776,155,2
776,129,2
776,85,2
776,38,2
776,60,2
776,7,2
777,200,2
777,27,2
777,33,2
777,8,2
777,9,2
778,43,2
778,15,2
778,492,2
778,8,2
778,77,2
778,108,2
778,65,1
779,405,2
780,38,2
780,5,2
781,8,1
781,9,1
781,1,1
782,34,1
783,289,2
784,127,2
784,214,2
784,22,1
785,14,1
786,419,1
786,117,2
786,140,1
786,77,2
786,431,2
786,19,2
786,13,2
786,127,2
787,59,2
788,146,1
788,145,2
788,27,2
788,375,2
788,332,2
788,100,2
788,341,2
788,248,2
789,10,2
789,8,1
789,9,1
789,1,1
790,271,2
790,166,2
790,48,2
790,281,2
790,168,2
790,145,2
790,10,1
790,12,2
790,15,2
790,232,2
790,248,1
790,22,2
790,4,2
790,3,1
790,60,1
790,35,1
790,80,2
790,1,2
791,39,2
792,142,2
793,1,2
794,53,2
794,384,1
794,374,2
794,194,2
794,150,2
794,40,2
794,45,2
794,309,2
794,265,2
794,166,2
794,34,2
794,395,1
794,190,1
794,313,2
795,2,1
795,27,1
795,145,1
795,33,1
796,59,2
796,1,1
797,80,2
797,1,2
797,20,2
797,107,1
798,199,2
799,81,2
800,22,2
800,10,2
801,234,1
802,6,2
803,4,2
803,5,2
804,22,2
804,10,2
805,110,2
805,10,1
805,9,2
805,8,1
805,1,2
805,67,2
805,123,1
805,85,1
805,87,1
805,391,2
805,38,2
805,347,2
805,100,2
806,130,2
806,321,2
806,415,1
806,11,2
806,2,1
806,374,2
806,5,2
806,162,2
806,68,2
806,27,1
806,12,2
806,10,1
806,359,2
806,210,2
807,348,1
807,8,2
807,310,2
808,123,1
808,10,1
809,27,1
809,10,2
809,8,2
809,9,1
809,119,2
810,183,2
811,16,2
812,93,2
813,499,2
813,113,2
813,13,2
813,71,2
813,302,2
814,51,2
814,35,2
814,442,2
814,389,2
814,75,2
815,390,2
815,6,2
815,1,2
815,36,2
816,10,1
816,8,2
816,9,2
816,1,1
817,41,2
817,5,2
818,2,2
819,391,1
819,59,1
819,10,2
819,9,2
819,8,2
819,1,2
820,311,2
820,13,2
820,296,2
820,132,1
820,190,2
821,67,2
821,110,1
821,8,1
822,208,1
822,327,1
822,389,1
822,57,1
822,1,1
823,0,2
824,1,1
824,7,1
825,151,2
826,7,1
826,1,1
827,495,2
827,1,2
828,3,1
828,482,1
828,1,1
828,101,2
828,119,2
829,120,1
829,241,2
829,115,2
829,443,1
830,10,1
830,9,1
830,8,1
830,126,2
830,5,1
830,49,2
830,0,2
830,31,1
830,1,1
831,472,1
831,427,2
831,327,2
831,404,1
831,75,1
831,416,2
831,400,1
831,144,2
831,162,2
831,290,1
831,215,2
831,136,2
831,252,2
831,22,2
832,71,2
832,10,1
832,8,1
832,9,1
832,1,1
833,117,2
833,10,2
834,10,2
834,9,2
834,5,2
835,70,2
836,34,2
836,98,2
836,349,2
836,22,1
836,0,2
836,144,1
836,49,2
836,23,1
836,1,1
837,32,2
838,16,2
839,1,2
840,474,1
841,84,1
842,244,2
842,220,2
842,133,2
842,35,2
842,8,1
842,1,2
843,2,2
844,100,2
844,368,2
844,270,2
844,253,2
844,75,2
844,8,2
844,123,2
845,231,2
845,338,2
846,8,2
846,9,2
846,1,2
847,172,2
847,26,2
847,59,1
848,145,2
848,154,2
848,8,2
849,4,2
849,101,2
849,77,2
849,14,2
850,1,1
850,0,2
851,8,2
851,41,2
851,60,1
851,107,2
852,388,2
852,107,2
852,358,2
852,233,2
853,273,2
854,50,1
854,1,1
855,69,2
855,237,1
856,9,2
856,31,2
857,3,1
857,1,1
857,2,2
858,3,2
858,18,2
858,7,2
858,248,2
858,169,1
859,428,2
860,53,2
860,477,1
860,144,2
860,9,2
860,10,2
860,1,2
860,71,2
860,68,2
860,275,1
860,43,2
860,113,2
860,119,2
860,425,2
860,77,2
860,25,2
861,22,1
861,110,2
861,10,2
861,8,2
861,9,2
862,8,2
863,103,2
863,368,2
863,464,1
863,159,2
863,331,1
863,222,2
863,215,2
863,313,2
863,8,2
863,21,1
863,333,1
863,206,2
863,147,2
863,400,2
863,483,2
863,136,2
863,133,2
863,67,2
863,38,2
863,22,2
863,267,2
863,12,2
864,330,1
864,162,1
864,68,2
864,43,2
864,15,2
865,12,2
865,301,2
865,8,1
865,350,2
865,294,2
865,229,2
865,5,2
866,27,2
866,12,2
866,3,2
867,1,2
868,1,1
869,38,1
869,100,2
869,289,1
869,1,1
869,110,1
869,10,1
869,8,1
870,13,2
871,239,2
871,68,2
872,402,1
872,13,2
872,1,2
872,396,1
873,1,1
874,1,2
874,8,1
875,70,2
876,402,2
876,220,2
876,352,2
876,65,2
876,312,1
876,332,2
876,284,2
876,100,2
876,290,2
876,360,2
876,265,2
876,33,2
876,48,2
876,38,2
876,144,2
876,379,2
876,92,2
876,377,2
876,35,2
876,15,2
877,81,1
877,24,1
877,99,2
877,13,2
877,8,1
877,33,2
878,39,2
879,1,1
879,9,1
879,8,1
880,145,1
880,72,1
881,57,1
881,295,1
881,77,2
881,59,2
881,49,2
881,180,1
881,1,1
881,9,1
881,10,2
881,8,2
881,61,2
882,33,2
882,92,2
882,488,2
882,8,2
882,330,2
882,35,2
883,1,2
884,74,2
884,396,2
885,71,2
885,381,1
885,63,2
885,479,2
885,262,1
886,1,1
887,160,2
887,15,2
887,123,2
888,99,2
888,379,2
889,215,2
889,136,2
889,48,2
890,28,2
891,15,2
891,187,2
891,83,2
892,1,2
893,253,2
893,451,2
893,161,2
893,24,2
893,63,2
893,187,1
894,149,2
894,30,2
895,8,2
895,493,2
895,209,2
895,55,2
895,13,2
896,68,2
896,319,2
896,25,2
897,11,1
898,1,2
899,5,2
899,4,2
899,0,2
899,136,2
900,25,1
900,488,1
900,1,1
900,45,1
901,5,2
902,101,1
903,0,1
904,8,2
904,10,2
904,9,2
904,1,2
905,67,1
905,459,1
905,91,1
905,301,1
905,248,2
905,477,2
905,33,1
905,88,2
905,403,2
905,294,2
905,445,2
905,141,2
905,42,2
905,66,2
905,435,2
905,350,1
905,40,2
905,81,2
905,82,2
905,208,2
905,341,2
905,100,2
905,313,1
905,470,2
905,108,2
905,232,2
905,195,2
905,102,2
905,401,1
905,35,1
905,1,1
905,69,2
905,289,2
905,25,2
905,64,1
905,17,2
905,18,2
905,7,2
905,171,2
905,169,2
905,212,2
906,281,2
907,37,2
908,8,2
908,10,2
908,1,2
909,9,2
909,8,1
910,1,1
911,111,2
911,107,2
911,11,2
911,29,2
911,41,1
911,62,2
911,110,1
911,123,2
911,8,2
911,10,2
911,127,2
911,5,2
911,432,2
912,388,2
913,331,2
914,1,1
915,10,2
915,9,2
915,8,2
915,49,2
916,443,2
916,159,2
916,440,2
916,456,2
916,487,2
916,332,2
916,284,2
916,100,2
917,14,2
917,101,2
918,101,2
918,22,2
918,5,2
919,68,2
919,43,2
919,95,2
919,329,2
919,6,1
920,43,2
920,15,2
920,9,2
920,1,2
921,77,2
921,258,2
921,1,1
922,252,2
922,215,2
922,136,2
922,15,2
922,1,2
923,1,1
924,15,2
924,135,2
924,104,2
924,27,2
924,54,2
925,7,2
926,1,1
927,427,1
928,105,1
928,7,2
929,381,1
930,1,1
931,67,1
931,1,1
931,7,2
932,128,2
932,277,2
932,62,2
932,466,2
932,191,2
932,2,2
932,436,2
932,38,1
933,5,2
934,138,2
935,278,2
936,110,2
936,77,2
937,1,2
938,91,2
938,454,2
939,60,2
940,162,2
940,81,2
940,24,2
940,145,1
940,10,1
940,8,1
940,1,1
941,37,2
942,400,1
942,67,1
942,347,2
943,10,1
943,9,2
944,378,2
944,51,2
944,443,2
944,3,2
944,1,1
945,1,2
946,1,1
947,5,1
947,4,2
947,0,2
948,212,1
949,1,1
950,34,2
950,259,2
951,5,2
952,462,2
952,56,2
952,60,2
953,57,1
954,388,2
954,55,2
954,21,2
954,88,2
955,313,2
955,257,1
955,84,2
956,143,2
956,169,2
956,159,2
957,238,2
958,79,2
959,10,1
959,9,2
960,63,2
960,70,2
961,170,2
961,145,2
961,236,1
961,8,2
961,7,2
962,39,1
962,68,1
963,130,2
963,10,2
964,14,2
964,1,2
965,16,2
965,27,2
965,5,2
965,110,2
966,4,2
966,214,1
967,402,2
967,469,1
967,133,2
967,35,1
967,233,2
967,91,2
968,1,2
968,8,2
969,460,2
969,285,2
969,488,2
969,433,2
969,7,2
969,274,2
969,30,2
969,166,1
969,155,2
969,33,1
969,225,2
969,249,2
969,149,1
969,82,2
970,9,1
970,8,1
970,11,1
970,166,2
970,38,1
970,1,1
971,8,2
971,10,1
971,9,2
971,1,2
972,141,2
973,119,2
973,482,2
973,248,2
973,22,2
974,498,1
975,356,2
976,27,2
977,74,2
977,470,2
978,1,1
978,116,2
979,393,2
979,441,2
979,165,2
979,246,2
980,15,1
981,1,1
982,5,2
983,246,2
983,10,2
983,9,2
983,8,2
983,1,2
984,1,1
985,1,2
986,14,2
987,115,1
987,31,1
987,15,2
987,33,2
987,90,2
987,66,2
988,10,2
988,8,2
988,9,2
988,1,2
989,0,2
990,9,2
990,4,2
990,5,2
990,20,2
991,7,2
992,17,2
992,18,2
992,7,2
992,1,1
993,10,2
993,8,2
993,9,2
993,1,2
994,266,2
994,102,2
995,146,2
995,41,2
996,77,2
997,225,1
998,17,2
998,16,2
999,101,2
999,1,1
999,10,1
1000,1,1
1001,3,2
